i,time,PWM_l,PWM_r,x,y,theta
1,0.0,0.0,0.0,402.89777747886706,299.999999999999,-14.999999999999996
2,0.008,462.0627380087284,462.0627380087284,402.89777747886706,299.999999999999,-14.999999999999996
3,0.016,924.1254760174568,924.1254760174568,402.90506335709915,300.027191267739,-14.999999999999996
4,0.024,1386.1882140261853,1386.1882140261853,402.91963511356334,300.08157380321893,-14.999999999999996
5,0.032,1848.2509520349136,1848.2509520349136,402.94149274825963,300.1631476064389,-14.999999999999996
6,0.04,2310.313690043642,2310.313690043642,402.970636261188,300.27191267739886,-14.999999999999996
7,0.048,2772.3764280523706,2772.3764280523706,403.0070656523485,300.40786901609874,-14.999999999999996
8,0.056,3234.439166061099,3234.439166061099,403.0507809217412,300.57101662253865,-14.999999999999996
9,0.064,3696.501904069827,3696.501904069827,403.101782069366,300.7613554967186,-14.999999999999996
10,0.07200000000000001,4158.564642078555,4158.564642078555,403.16006909522287,300.9788856386384,-14.999999999999996
11,0.08,4620.627380087284,4620.627380087284,403.22564199931185,301.2236070482983,-14.999999999999996
12,0.088,5082.690118096012,5082.690118096012,403.2985007816329,301.49551972569816,-14.999999999999996
13,0.096,5544.752856104741,5544.752856104741,403.3786454421861,301.79462367083795,-14.999999999999996
14,0.10400000000000001,6006.815594113469,6006.815594113469,403.46607598097137,302.12091888371776,-14.999999999999996
15,0.112,6468.878332122198,6468.878332122198,403.56079239798873,302.4744053643376,-14.999999999999996
16,0.12,6930.941070130926,6930.941070130926,403.6627946932382,302.85508311269734,-14.999999999999996
17,0.128,7393.003808139654,7393.003808139654,403.77208286671976,303.2629521287971,-14.999999999999996
18,0.136,7855.066546148383,7855.066546148383,403.8886569184335,303.6980124126369,-14.999999999999996
19,0.14400000000000002,8317.12928415711,8317.12928415711,404.0125168483794,304.1602639642166,-14.999999999999996
20,0.152,8779.19202216584,8779.19202216584,404.14366265655735,304.6497067835363,-14.999999999999996
21,0.16,9241.254760174568,9241.254760174568,404.2820943429674,305.16634087059606,-14.999999999999996
22,0.168,9703.317498183296,9703.317498183296,404.42781190760957,305.7101662253958,-14.999999999999996
23,0.176,10165.380236192024,10165.380236192024,404.5808153504838,306.2811828479355,-14.999999999999996
24,0.184,10627.442974200752,10627.442974200752,404.74110467159016,306.8793907382152,-14.999999999999996
25,0.192,11089.505712209482,11089.505712209482,404.9086798709286,307.5047898962349,-14.999999999999996
26,0.2,11551.56845021821,11551.56845021821,405.08354094849915,308.15738032199454,-14.999999999999996
27,0.20800000000000002,12013.631188226938,12013.631188226938,405.2656879043018,308.8371620154942,-14.999999999999996
28,0.216,12475.693926235668,12475.693926235668,405.45512073833663,309.54413497673386,-14.999999999999996
29,0.224,12937.756664244396,12937.756664244396,405.6518394506036,310.27829920571344,-14.999999999999996
30,0.232,13399.819402253124,13399.819402253124,405.8558440411026,311.03965470243304,-14.999999999999996
31,0.24,13861.882140261852,13861.882140261852,406.06713450983375,311.82820146689266,-14.999999999999996
32,0.248,14323.94487827058,14323.94487827058,406.285710856797,312.6439394990922,-14.999999999999996
33,0.256,14786.007616279308,14786.007616279308,406.5115730819923,313.48686879903175,-14.999999999999996
34,0.264,15248.070354288036,15248.070354288036,406.74472118541973,314.35698936671133,-14.999999999999996
35,0.272,15710.133092296766,15710.133092296766,406.98515516707926,315.2543012021308,-14.999999999999996
36,0.28,16172.195830305494,16172.195830305494,407.2328750269709,316.1788043052903,-14.999999999999996
37,0.28800000000000003,16634.25856831422,16634.25856831422,407.4878807650946,317.13049867618986,-14.999999999999996
38,0.296,17096.321306322952,17096.321306322952,407.7501723814505,318.1093843148293,-14.999999999999996
39,0.304,17558.38404433168,17558.38404433168,408.01974987603853,319.11546122120876,-14.999999999999996
40,0.312,18020.44678234041,18020.44678234041,408.29661324885865,320.14872939532825,-14.999999999999996
41,0.32,18482.509520349136,18482.509520349136,408.58076249991086,321.20918883718764,-14.999999999999996
42,0.328,18944.572258357864,18944.572258357864,408.87219762919517,322.29683954678706,-14.999999999999996
43,0.336,19406.634996366593,19406.634996366593,409.1709186367116,323.4116815241265,-14.999999999999996
44,0.34400000000000003,19868.69773437532,19868.69773437532,409.4769255224601,324.55371476920584,-14.999999999999996
45,0.352,20330.76047238405,20330.76047238405,409.7902182864407,325.7229392820252,-14.999999999999996
46,0.36,20792.823210392777,20792.823210392777,410.1107969286534,326.9193550625846,-14.999999999999996
47,0.368,21254.885948401505,21254.885948401505,410.43866144909816,328.1429621108839,-14.999999999999996
48,0.376,21716.948686410233,21716.948686410233,410.77381184777516,329.3937604269232,-14.999999999999996
49,0.384,22179.011424418964,22179.011424418964,411.11624812468426,330.67175001070257,-14.999999999999996
50,0.392,22641.074162427692,22641.074162427692,411.46597027982546,331.9769308622218,-14.999999999999996
51,0.4,23103.13690043642,23103.13690043642,411.82297831319875,333.3093029814811,-14.999999999999996
52,0.40800000000000003,23565.19963844515,23565.19963844515,412.18727222480413,334.6688663684804,-14.999999999999996
53,0.41600000000000004,24027.262376453877,24027.262376453877,412.5588520146416,336.0556210232196,-14.999999999999996
54,0.424,24489.32511446261,24489.32511446261,412.9377176827112,337.46956694569883,-14.999999999999996
55,0.432,24951.387852471336,24951.387852471336,413.32386922901287,338.9107041359181,-14.999999999999996
56,0.44,25413.450590480064,25413.450590480064,413.71730665354664,340.37903259387735,-14.999999999999996
57,0.448,25875.513328488792,25875.513328488792,414.1180299563125,341.87455231957654,-14.999999999999996
58,0.456,26337.57606649752,26337.57606649752,414.5260391373106,343.39726331301574,-14.999999999999996
59,0.464,26799.63880450625,26799.63880450625,414.94133419654077,344.94716557419497,-14.999999999999996
60,0.47200000000000003,27261.701542514977,27261.701542514977,415.36391513400304,346.5242591031141,-14.999999999999996
61,0.48,27723.764280523705,27723.764280523705,415.7937819496974,348.12854389977326,-14.999999999999996
62,0.488,28185.827018532433,28185.827018532433,416.23093464362387,349.76001996417244,-14.999999999999996
63,0.496,28647.88975654116,28647.88975654116,416.67537321578243,351.41868729631153,-14.999999999999996
64,0.504,28647.88975654116,28647.88975654116,417.1270976661731,353.10454589619064,-14.999999999999996
65,0.512,28647.88975654116,28647.88975654116,417.57882211656374,354.79040449606975,-14.999999999999996
66,0.52,28647.88975654116,28647.88975654116,418.0305465669544,356.47626309594887,-14.999999999999996
67,0.528,28647.88975654116,28647.88975654116,418.48227101734506,358.162121695828,-14.999999999999996
68,0.536,28647.88975654116,28647.88975654116,418.9339954677357,359.8479802957071,-14.999999999999996
69,0.544,28647.88975654116,28647.88975654116,419.38571991812637,361.5338388955862,-14.999999999999996
70,0.552,28647.88975654116,28647.88975654116,419.837444368517,363.2196974954653,-14.999999999999996
71,0.56,28647.88975654116,28647.88975654116,420.2891688189077,364.9055560953444,-14.999999999999996
72,0.5680000000000001,28647.88975654116,28647.88975654116,420.74089326929834,366.59141469522353,-14.999999999999996
73,0.5760000000000001,28647.88975654116,28647.88975654116,421.192617719689,368.27727329510265,-14.999999999999996
74,0.584,28647.88975654116,28647.88975654116,421.64434217007965,369.96313189498176,-14.999999999999996
75,0.592,28647.88975654116,28647.88975654116,422.0960666204703,371.64899049486087,-14.999999999999996
76,0.6,28647.88975654116,28647.88975654116,422.54779107086097,373.33484909474,-14.999999999999996
77,0.608,28647.88975654116,28647.88975654116,422.9995155212516,375.0207076946191,-14.999999999999996
78,0.616,28647.88975654116,28647.88975654116,423.4512399716423,376.7065662944982,-14.999999999999996
79,0.624,28647.88975654116,28647.88975654116,423.90296442203294,378.3924248943773,-14.999999999999996
80,0.632,28647.88975654116,28647.88975654116,424.3546888724236,380.0782834942564,-14.999999999999996
81,0.64,28647.88975654116,28647.88975654116,424.80641332281425,381.76414209413554,-14.999999999999996
82,0.648,28647.88975654116,28647.88975654116,425.2581377732049,383.45000069401465,-14.999999999999996
83,0.656,28647.88975654116,28647.88975654116,425.70986222359556,385.13585929389376,-14.999999999999996
84,0.664,28647.88975654116,28647.88975654116,426.1615866739862,386.82171789377287,-14.999999999999996
85,0.672,28647.88975654116,28647.88975654116,426.6133111243769,388.507576493652,-14.999999999999996
86,0.68,28647.88975654116,28647.88975654116,427.06503557476753,390.1934350935311,-14.999999999999996
87,0.6880000000000001,28647.88975654116,28647.88975654116,427.5167600251582,391.8792936934102,-14.999999999999996
88,0.6960000000000001,28647.88975654116,28647.88975654116,427.96848447554885,393.5651522932893,-14.999999999999996
89,0.704,28647.88975654116,28647.88975654116,428.4202089259395,395.2510108931684,-14.999999999999996
90,0.712,28647.88975654116,28647.88975654116,428.87193337633016,396.93686949304754,-14.999999999999996
91,0.72,28647.88975654116,28647.88975654116,429.3236578267208,398.62272809292665,-14.999999999999996
92,0.728,28647.88975654116,28647.88975654116,429.7753822771115,400.30858669280576,-14.999999999999996
93,0.736,28647.88975654116,28647.88975654116,430.22710672750213,401.9944452926849,-14.999999999999996
94,0.744,28647.88975654116,28647.88975654116,430.6788311778928,403.680303892564,-14.999999999999996
95,0.752,28647.88975654116,28647.88975654116,431.13055562828345,405.3661624924431,-14.999999999999996
96,0.76,28647.88975654116,28647.88975654116,431.5822800786741,407.0520210923222,-14.999999999999996
97,0.768,28647.88975654116,28647.88975654116,432.03400452906476,408.7378796922013,-14.999999999999996
98,0.776,28647.88975654116,28647.88975654116,432.4857289794554,410.42373829208043,-14.999999999999996
99,0.784,28647.88975654116,28647.88975654116,432.9374534298461,412.10959689195954,-14.999999999999996
100,0.792,28647.88975654116,28647.88975654116,433.38917788023673,413.79545549183865,-14.999999999999996
101,0.8,28647.88975654116,28647.88975654116,433.8409023306274,415.48131409171776,-14.999999999999996
102,0.808,28647.88975654116,28647.88975654116,434.29262678101804,417.1671726915969,-14.999999999999996
103,0.8160000000000001,28647.88975654116,28647.88975654116,434.7443512314087,418.853031291476,-14.999999999999996
104,0.8240000000000001,28647.88975654116,28647.88975654116,435.19607568179936,420.5388898913551,-14.999999999999996
105,0.8320000000000001,28647.88975654116,28647.88975654116,435.64780013219,422.2247484912342,-14.999999999999996
106,0.84,28647.88975654116,28647.88975654116,436.09952458258067,423.9106070911133,-14.999999999999996
107,0.848,28647.88975654116,28647.88975654116,436.5512490329713,425.59646569099243,-14.999999999999996
108,0.856,28647.88975654116,28647.88975654116,437.002973483362,427.28232429087154,-14.999999999999996
109,0.864,28647.88975654116,28647.88975654116,437.45469793375264,428.96818289075065,-14.999999999999996
110,0.872,28647.88975654116,28647.88975654116,437.9064223841433,430.65404149062977,-14.999999999999996
111,0.88,28647.88975654116,28647.88975654116,438.35814683453395,432.3399000905089,-14.999999999999996
112,0.888,28647.88975654116,28647.88975654116,438.8098712849246,434.025758690388,-14.999999999999996
113,0.896,28647.88975654116,28647.88975654116,439.26159573531527,435.7116172902671,-14.999999999999996
114,0.904,28647.88975654116,28647.88975654116,439.7133201857059,437.3974758901462,-14.999999999999996
115,0.912,28647.88975654116,28647.88975654116,440.1650446360966,439.0833344900253,-14.999999999999996
116,0.92,28647.88975654116,28647.88975654116,440.61676908648724,440.76919308990443,-14.999999999999996
117,0.928,28647.88975654116,28647.88975654116,441.0684935368779,442.45505168978355,-14.999999999999996
118,0.936,28647.88975654116,28647.88975654116,441.52021798726855,444.14091028966266,-14.999999999999996
119,0.9440000000000001,28647.88975654116,28647.88975654116,441.9719424376592,445.82676888954177,-14.999999999999996
120,0.9520000000000001,28647.88975654116,28647.88975654116,442.42366688804987,447.5126274894209,-14.999999999999996
121,0.96,28647.88975654116,28647.88975654116,442.8753913384405,449.1984860893,-14.999999999999996
122,0.968,28647.88975654116,28647.88975654116,443.3271157888312,450.8843446891791,-14.999999999999996
123,0.976,28647.88975654116,28647.88975654116,443.77884023922184,452.5702032890582,-14.999999999999996
124,0.984,28647.88975654116,28647.88975654116,444.2305646896125,454.2560618889373,-14.999999999999996
125,0.992,28647.88975654116,28647.88975654116,444.68228914000315,455.94192048881644,-14.999999999999996
126,1.0,28464.543262099298,28647.88975654116,445.1340135903938,457.62777908869555,-14.999999999999996
127,1.008,28281.196767657435,28647.88975654116,445.58429252254325,459.308242941055,-14.992888888888881
128,1.016,28097.85027321557,28647.88975654116,446.0329180363118,460.9833677387419,-14.978666666666655
129,1.024,27914.503778773706,28647.88975654116,446.47968421959524,462.65320855934624,-14.957333333333326
130,1.032,27731.157284331843,28647.88975654116,446.9243871280444,464.31781978927324,-14.928888888888883
131,1.04,27547.81078988998,28647.88975654116,447.36682476521287,465.9772550490369,-14.893333333333327
132,1.048,27364.464295448117,28647.88975654116,447.80679706317915,467.6315671197623,-14.850666666666656
133,1.056,27181.117801006254,28647.88975654116,448.24410586368674,469.28080787088595,-14.800888888888874
134,1.064,26997.77130656439,28647.88975654116,448.6785548998456,470.9250281890427,-14.74399999999999
135,1.072,26814.42481212253,28647.88975654116,449.1099497784388,472.5642779081277,-14.67999999999999
136,1.08,26631.078317680665,28647.88975654116,449.5380979628743,474.1986057405245,-14.608888888888877
137,1.088,26447.731823238802,28647.88975654116,449.96280875682305,475.8280592094885,-14.53066666666665
138,1.096,26264.385328796936,28647.88975654116,450.38389328858295,477.4526845826773,-14.445333333333325
139,1.104,26081.038834355073,28647.88975654116,450.8011644962064,479.07252680681916,-14.352888888888884
140,1.112,25897.69233991321,28647.88975654116,451.21443711342977,480.6876294435125,-14.253333333333329
141,1.12,25714.345845471347,28647.88975654116,451.6235276564405,482.2980346061479,-14.146666666666661
142,1.1280000000000001,25530.999351029484,28647.88975654116,452.028254411518,483.9037828979481,-14.032888888888879
143,1.1360000000000001,25347.652856587618,28647.88975654116,452.4284374235817,485.50491335111826,-13.911999999999995
144,1.1440000000000001,25164.306362145755,28647.88975654116,452.8238984856812,487.1014633671035,-13.783999999999997
145,1.1520000000000001,24980.959867703892,28647.88975654116,453.2144611294598,488.69346865794836,-13.648888888888887
146,1.16,24797.61337326203,28647.88975654116,453.5999506166238,490.28096318875487,-13.506666666666662
147,1.168,24614.266878820166,28647.88975654116,453.98019393144784,491.8639791212379,-13.357333333333324
148,1.176,24430.9203843783,28647.88975654116,454.3550197743457,493.44254675837476,-13.200888888888883
149,1.184,24247.573889936437,28647.88975654116,454.72425855653546,495.0166944901493,-13.037333333333331
150,1.192,24064.227395494574,28647.88975654116,455.0877423958269,496.5864487403902,-12.866666666666664
151,1.2,23880.88090105271,28647.88975654116,455.4453051135571,498.15183391470487,-12.688888888888883
152,1.208,23697.53440661085,28647.88975654116,455.7967822327007,499.71287234951035,-12.503999999999989
153,1.216,23514.187912168985,28647.88975654116,456.14201097717944,501.26958426216515,-12.311999999999992
154,1.224,23330.841417727122,28647.88975654116,456.480830272394,502.82198770220515,-12.112888888888882
155,1.232,23147.49492328526,28647.88975654116,456.81308074700166,504.3700985036887,-11.90666666666666
156,1.24,22964.148428843397,28647.88975654116,457.1386047359614,505.91393023865726,-11.693333333333323
157,1.248,22780.801934401534,28647.88975654116,457.4572462848664,507.4534941717176,-11.472888888888871
158,1.256,22597.455439959667,28647.88975654116,457.768851155585,508.98879921575457,-11.24533333333332
159,1.264,22414.108945517804,28647.88975654116,458.0732668332272,510.5198518887826,-11.010666666666655
160,1.272,22230.76245107594,28647.88975654116,458.3703425344552,512.0466562719464,-10.768888888888874
161,1.28,22047.41595663408,28647.88975654116,458.6599292171545,513.569213968681,-10.519999999999982
162,1.288,21864.069462192216,28647.88975654116,458.9418795914811,515.0875240650455,-10.263999999999987
163,1.296,21680.72296775035,28647.88975654116,459.21604813229806,516.6015830912403,-10.000888888888879
164,1.304,21497.376473308486,28647.88975654116,459.48229109301633,518.1113849843246,-9.730666666666657
165,1.312,21314.029978866623,28647.88975654116,459.74046652085076,519.6169210521492,-9.453333333333322
166,1.32,21130.683484424757,28647.88975654116,459.99043427350273,521.1181799385192,-9.168888888888873
167,1.328,20947.336989982898,28647.88975654116,460.2320560372792,522.6151475896063,-8.877333333333322
168,1.336,20763.99049554103,28647.88975654116,460.46519534665686,524.1078072216262,-8.578666666666658
169,1.344,20580.64400109917,28647.88975654116,460.6897176052985,525.596139289805,-8.27288888888888
170,1.352,20397.297506657305,28647.88975654116,460.9054901085284,527.0801214586493,-7.959999999999988
171,1.36,20213.951012215442,28647.88975654116,461.112382067271,528.5597285735469,-7.639999999999983
172,1.368,20030.60451777358,28647.88975654116,461.31026463345745,530.0349326337182,-7.312888888888876
173,1.3760000000000001,19847.258023331717,28647.88975654116,461.49901092690106,531.505702766541,-6.978666666666656
174,1.3840000000000001,19663.911528889854,28647.88975654116,461.6784960636445,532.9720052032757,-6.637333333333322
175,1.3920000000000001,19480.56503444799,28647.88975654116,461.8485971857767,534.4338032562146,-6.288888888888874
176,1.4000000000000001,19297.218540006124,28647.88975654116,462.0091934927194,535.8910572972834,-5.933333333333312
177,1.408,19113.872045564265,28647.88975654116,462.16016627397903,537.3437247381211,-5.570666666666649
178,1.416,18930.5255511224,28647.88975654116,462.30139894336025,538.7917600116673,-5.200888888888873
179,1.424,18747.179056680536,28647.88975654116,462.4327770746348,540.2351145552873,-4.823999999999982
180,1.432,18563.832562238673,28647.88975654116,462.55418843865857,541.6737367954638,-4.439999999999978
181,1.44,18380.486067796806,28647.88975654116,462.66552304192726,543.1075721340875,-4.048888888888873
182,1.448,18197.139573354947,28647.88975654116,462.7666731665614,544.5365629363782,-3.650666666666654
183,1.456,18013.79307891308,28647.88975654116,462.8575334117073,545.9606485204702,-3.2453333333333214
184,1.464,17830.446584471218,28647.88975654116,462.93800073634065,547.3797651486941,-2.832888888888875
185,1.472,17647.100090029355,28647.88975654116,463.00797450345794,548.793846020592,-2.413333333333315
186,1.48,17463.75359558749,28647.88975654116,463.0673565256386,550.2028212676983,-1.9866666666666533
187,1.488,17280.40710114563,28647.88975654116,463.116051111958,551.6066179501247,-1.5528888888888783
188,1.496,17097.060606703762,28647.88975654116,463.15396511623203,553.005160054985,-1.1119999999999894
189,1.504,16913.7141122619,28647.88975654116,463.1810079865712,554.3983684966972,-0.6639999999999867
190,1.512,16730.367617820037,28647.88975654116,463.1970918162185,555.7861611191998,-0.20888888888887025
191,1.52,16547.021123378174,28647.88975654116,463.20213139564726,557.1684527001227,0.2533333333333473
192,1.528,16363.674628936313,28647.88975654116,463.1960442658891,558.5451549569493,0.7226666666666786
193,1.536,16180.328134494446,28647.88975654116,463.1787507730643,559.9161765552124,1.1991111111111237
194,1.544,15996.981640052583,28647.88975654116,463.150174124081,561.2814231187588,1.6826666666666825
195,1.552,15813.63514561072,28647.88975654116,463.1102404434712,562.6407972421288,2.173333333333355
196,1.56,15630.288651168856,28647.88975654116,463.0588788313265,563.9941985050855,2.6711111111111285
197,1.568,15446.942156726995,28647.88975654116,462.9960214222971,565.3415234893384,3.176000000000016
198,1.576,15263.59566228513,28647.88975654116,462.9216034456133,566.682665797501,3.6880000000000175
199,1.584,15080.249167843267,28647.88975654116,462.83556328608813,568.017516074322,4.207111111111132
200,1.592,14896.902673401404,28647.88975654116,462.737842546057,569.3459620302336,4.7333333333333485
201,1.6,14713.556178959538,28647.88975654116,462.628386108208,570.6678884672571,5.266666666666678
202,1.608,14530.209684517677,28647.88975654116,462.5071421992544,571.9831773073051,5.807111111111122
203,1.616,14346.863190075812,28647.88975654116,462.37406245439934,573.2917076229248,6.354666666666679
204,1.624,14163.516695633949,28647.88975654116,462.2291019825385,574.5933556705186,6.90933333333335
205,1.6320000000000001,13980.170201192086,28647.88975654116,462.07221943214756,575.8879949260865,7.471111111111123
206,1.6400000000000001,13796.823706750223,28647.88975654116,461.9033770577947,577.1754961235281,8.040000000000008
207,1.6480000000000001,13613.477212308359,28647.88975654116,461.7225407872204,578.455727295543,8.616000000000009
208,1.6560000000000001,13430.130717866496,28647.88975654116,461.529680288921,579.7285538171712,9.199111111111122
209,1.6640000000000001,13246.784223424633,28647.88975654116,461.32476904017244,580.9938384520101,9.78933333333335
210,1.672,13063.43772898277,28647.88975654116,461.1077843954266,582.2514414011453,10.386666666666677
211,1.68,12880.091234540907,28647.88975654116,460.87870765501157,583.501220354834,10.99111111111112
212,1.688,12696.74474009904,28647.88975654116,460.6375241340637,584.7430305469754,11.602666666666677
213,1.696,12513.398245657178,28647.88975654116,460.3842232316182,585.9767248124044,12.221333333333346
214,1.704,12330.051751215315,28647.88975654116,460.11879849978004,587.2021536470404,12.84711111111113
215,1.712,12146.705256773452,28647.88975654116,459.8412477128986,588.4191652709264,13.480000000000015
216,1.72,11963.358762331589,28647.88975654116,459.5515729366625,589.6276056941895,14.120000000000012
217,1.728,11780.012267889724,28647.88975654116,459.2497805970322,590.8273187859505,14.767111111111124
218,1.736,11596.665773447861,28647.88975654116,458.93588154892336,592.018146346215,15.42133333333335
219,1.744,11413.319279005998,28647.88975654116,458.60989114455276,593.1999281807688,16.08266666666669
220,1.752,11229.972784564136,28647.88975654116,458.27182930135587,594.3725021791071,16.75111111111113
221,1.76,11046.626290122269,28647.88975654116,457.9217205693815,595.5357043954174,17.426666666666684
222,1.768,10863.279795680406,28647.88975654116,457.5595941980689,596.68936913264,18.109333333333353
223,1.776,10679.933301238543,28647.88975654116,457.18548420230866,597.8333290296239,18.799111111111134
224,1.784,10496.58680679668,28647.88975654116,456.7994294276864,598.967415151397,19.49600000000002
225,1.792,10313.240312354817,28647.88975654116,456.40147361480683,600.0914570825641,20.200000000000017
226,1.8,10129.893817912953,28647.88975654116,455.9916654625931,601.2052830238463,20.911111111111126
227,1.808,9946.54732347109,28647.88975654116,455.5700586904534,602.3087198917704,21.62933333333335
228,1.816,9763.200829029227,28647.88975654116,455.1367120992054,603.4015934215187,22.354666666666688
229,1.824,9579.854334587364,28647.88975654116,454.69168963064783,604.4837282729394,23.087111111111128
230,1.832,9396.507840145501,28647.88975654116,454.23506042566305,605.5549481397234,23.826666666666682
231,1.84,9213.161345703635,28647.88975654116,453.7668988807369,606.6150758617433,24.57333333333335
232,1.848,9029.814851261772,28647.88975654116,453.28728470277633,607.6639335405514,25.32711111111113
233,1.856,8846.468356819909,28647.88975654116,452.796302962106,608.7013426580281,26.08800000000001
234,1.864,8663.121862378046,28647.88975654116,452.2940441435212,609.7271241981705,26.85600000000002
235,1.872,8479.775367936183,28647.88975654116,451.780604195274,610.7410987720048,27.631111111111128
236,1.8800000000000001,8296.428873494318,28647.88975654116,451.2560845758678,611.7430867456047,28.413333333333338
237,1.8880000000000001,8113.082379052455,28647.88975654116,450.7205922985323,612.7329083711948,29.202666666666676
238,1.8960000000000001,7929.735884610593,28647.88975654116,450.17423997325216,613.7103839213087,29.999111111111112
239,1.9040000000000001,7746.38939016873,28647.88975654116,449.6171458462178,614.6753338259767,30.802666666666678
240,1.9120000000000001,7563.042895726867,28647.88975654116,449.04943383656894,615.6275788129042,31.613333333333344
241,1.92,7379.696401285,28647.88975654116,448.47123357029704,616.5669400506035,32.43111111111111
242,1.928,7196.349906843137,28647.88975654116,447.8826804111749,617.4932392944359,33.256
243,1.936,7013.003412401275,28647.88975654116,447.28391548857746,618.4062990355153,34.087999999999994
244,1.944,6829.656917959413,28647.88975654116,446.6750857220603,619.3059426524208,34.92711111111112
245,1.952,6646.31042351755,28647.88975654116,446.0563438425585,620.1919945656616,35.77333333333334
246,1.96,6462.963929075683,28647.88975654116,445.4278484100705,621.0642803948299,36.62666666666666
247,1.968,6279.61743463382,28647.88975654116,444.78976382769065,621.9226271183752,37.48711111111111
248,1.976,6096.270940191958,28647.88975654116,444.1422603518515,622.7668632359288,38.35466666666666
249,1.984,5912.924445750095,28647.88975654116,443.4855140986415,623.5968189330968,39.22933333333334
250,1.992,5729.5779513082325,28647.88975654116,442.81970704605885,624.4123262486414,40.111111111111114
251,2.0,5729.5779513082325,28647.88975654116,442.145027032067,625.213219243961,40.99999999999999
252,2.008,5729.5779513082325,28647.88975654116,441.4580036234677,626.003549268235,41.88888888888887
253,2.016,5729.5779513082325,28647.88975654116,440.75880217342683,626.783126104405,42.77777777777775
254,2.024,5729.5779513082325,28647.88975654116,440.04759096612804,627.5517621234965,43.66666666666663
255,2.032,5729.5779513082325,28647.88975654116,439.32454117626946,628.309272329776,44.55555555555551
256,2.04,5729.5779513082325,28647.88975654116,438.5898268278661,629.0554744052772,45.444444444444386
257,2.048,5729.5779513082325,28647.88975654116,437.8436247523649,629.7901887536807,46.333333333333265
258,2.056,5729.5779513082325,28647.88975654116,437.08611454608535,630.5132385435393,47.22222222222214
259,2.064,5729.5779513082325,28647.88975654116,436.3174785269939,631.2244497508381,48.11111111111102
260,2.072,5729.5779513082325,28647.88975654116,435.5379016908238,631.9236512008788,48.9999999999999
261,2.08,5729.5779513082325,28647.88975654116,434.7475716665499,632.6106746094781,49.88888888888878
262,2.088,5729.5779513082325,28647.88975654116,433.9466786712303,633.28535462347,50.777777777777665
263,2.096,5729.5779513082325,28647.88975654116,433.1354154642246,633.9475288605036,51.66666666666654
264,2.104,5729.5779513082325,28647.88975654116,432.3139773008006,634.5970379481248,52.55555555555542
265,2.112,5729.5779513082325,28647.88975654116,431.48256188514006,635.2337255621353,53.4444444444443
266,2.12,5729.5779513082325,28647.88975654116,430.6413693227554,635.8574384642151,54.33333333333318
267,2.128,5729.5779513082325,28647.88975654116,429.79060207232783,636.4680265388055,55.22222222222206
268,2.136,5729.5779513082325,28647.88975654116,428.93046489697963,637.065342829238,56.11111111111094
269,2.144,5729.5779513082325,28647.88975654116,428.0611648149918,637.6492435731049,56.999999999999815
270,2.152,5729.5779513082325,28647.88975654116,427.18291104997866,638.2195882368587,57.888888888888694
271,2.16,5729.5779513082325,28647.88975654116,426.29591498053185,638.7762395496371,58.77777777777757
272,2.168,5729.5779513082325,28647.88975654116,425.40039008934536,639.319063536301,59.66666666666645
273,2.176,5729.5779513082325,28647.88975654116,424.4965519118348,639.8479295496791,60.55555555555533
274,2.184,5729.5779513082325,28647.88975654116,423.58461798426197,640.3627103020134,61.44444444444421
275,2.192,5729.5779513082325,28647.88975654116,422.6648077913783,640.8632818955936,62.33333333333309
276,2.2,5729.5779513082325,28647.88975654116,421.73734271359876,641.3495238525775,63.222222222221966
277,2.208,5729.5779513082325,28647.88975654116,420.8024459737204,641.8213191439879,64.11111111111084
278,2.216,5729.5779513082325,28647.88975654116,419.8603425831966,642.2785542178785,64.99999999999972
279,2.224,5729.5779513082325,28647.88975654116,418.91125928798147,642.7211190266644,65.8888888888886
280,2.232,5729.5779513082325,28647.88975654116,417.95542451395613,643.1489070536077,66.77777777777749
281,2.24,5729.5779513082325,28647.88975654116,416.99306831195133,643.5618153384546,67.66666666666636
282,2.248,5729.5779513082325,28647.88975654116,416.02442230237887,643.9597445022155,68.55555555555524
283,2.2560000000000002,5729.5779513082325,28647.88975654116,415.04971961948456,644.3425987710839,69.44444444444412
284,2.2640000000000002,5729.5779513082325,28647.88975654116,414.0691948552377,644.710285999487,70.333333333333
285,2.2720000000000002,5729.5779513082325,28647.88975654116,413.08308400286944,645.062717692264,71.22222222222187
286,2.2800000000000002,5729.5779513082325,28647.88975654116,412.09162440007344,645.399809025964,72.11111111111076
287,2.2880000000000003,5729.5779513082325,28647.88975654116,411.09505467188353,645.7214788692625,72.99999999999963
288,2.2960000000000003,5729.5779513082325,28647.88975654116,410.0936146732414,646.0276498024873,73.88888888888852
289,2.3040000000000003,5729.5779513082325,28647.88975654116,409.0875454312679,646.3182481362526,74.77777777777739
290,2.312,5729.5779513082325,28647.88975654116,408.07708908725294,646.593203929194,75.66666666666627
291,2.32,5729.5779513082325,28647.88975654116,407.06248883837634,646.8524510048028,76.55555555555515
292,2.328,5729.5779513082325,28647.88975654116,406.0439888791751,647.0959269673519,77.44444444444403
293,2.336,5729.5779513082325,28647.88975654116,405.02183434277083,647.3235732169155,78.3333333333329
294,2.344,5729.5779513082325,28647.88975654116,403.99627124187055,647.5353349634705,79.22222222222179
295,2.352,5729.5779513082325,28647.88975654116,402.9675464095566,647.7311612400854,80.11111111111066
296,2.36,5729.5779513082325,28647.88975654116,401.9359074398784,647.9110049151858,80.99999999999955
297,2.368,5729.5779513082325,28647.88975654116,400.9016026282618,648.0748227038987,81.88888888888842
298,2.376,5729.5779513082325,28647.88975654116,399.8648809117485,648.2225751784699,82.7777777777773
299,2.384,5729.5779513082325,28647.88975654116,398.82599180908255,648.3542267777541,83.66666666666617
300,2.392,5729.5779513082325,28647.88975654116,397.78518536065553,648.469745815773,84.55555555555506
301,2.4,5729.5779513082325,28647.88975654116,396.7427120683268,648.569104489342,85.44444444444393
302,2.408,5729.5779513082325,28647.88975654116,395.69882283513266,648.6522788847617,86.33333333333282
303,2.416,5729.5779513082325,28647.88975654116,394.6537689048988,648.7192489835736,87.22222222222169
304,2.424,5729.5779513082325,28647.88975654116,393.60780180177085,648.7699986673781,88.11111111111057
305,2.432,5729.5779513082325,28647.88975654116,392.5611732696774,648.8045157217138,88.99999999999945
306,2.44,5729.5779513082325,28647.88975654116,391.51413521174004,648.8227918389973,89.88888888888833
307,2.448,5729.5779513082325,28647.88975654116,390.46693962964537,648.824822620523,90.7777777777772
308,2.456,5729.5779513082325,28647.88975654116,389.41983856299294,648.8106075775213,91.66666666666609
309,2.464,5729.5779513082325,28647.88975654116,388.37308402863425,648.7801501312763,92.55555555555496
310,2.472,5729.5779513082325,28647.88975654116,387.3269279600173,648.7334576123028,93.44444444444385
311,2.48,5729.5779513082325,28647.88975654116,386.28162214655094,648.6705412585814,94.33333333333272
312,2.488,5729.5779513082325,28647.88975654116,385.23741817300424,648.591416212854,95.2222222222216
313,2.496,5729.5779513082325,28647.88975654116,384.1945673589547,648.4961015189798,96.11111111111047
314,2.504,5359.92776090125,27908.5893757272,383.15332069830083,648.3846201173508,96.99999999999936
315,2.512,4990.277570494267,27169.28899491323,382.1474575698023,648.2611156547896,97.87455197132552
316,2.52,4620.627380087285,26429.988614099268,381.17705871896476,648.1269009631476,98.73476702508897
317,2.528,4250.977189680301,25690.6882332853,380.24217297820735,647.9832627168364,99.5806451612897
318,2.536,3881.326999273319,24951.387852471336,379.342819029344,647.8314608625805,100.41218637992768
319,2.544,3511.676808866336,24212.08747165737,378.4789871411514,647.6727281162705,101.22939068100293
320,2.552,3142.0266184593534,23472.787090843405,377.65064088020904,647.5082695238784,102.03225806451547
321,2.56,2772.3764280523706,22733.486710029436,376.8577187933586,647.3392620834104,102.82078853046531
322,2.568,2402.7262376453878,21994.186329215474,376.10013606028144,647.1668544248976,103.59498207885241
323,2.576,2033.076047238405,21254.88594840151,375.37778611484566,646.9921665454608,104.35483870967678
324,2.584,1663.4258568314222,20515.585567587543,374.6905422340094,646.8162895965156,105.10035842293843
325,2.592,1293.7756664244403,19776.285186773577,374.038259093208,646.640285720227,105.83154121863735
326,2.6,924.1254760174575,19036.98480595961,373.4207742872776,646.4651879323661,106.54838709677357
327,2.608,554.4752856104747,18297.684425145646,372.8379098160907,646.2920000487704,107.25089605734703
328,2.616,184.8250952034918,17558.38404433168,372.28947353419676,646.1216966526583,107.93906810035779
329,2.624,-184.825095203491,16819.083663517715,371.7752605638674,645.9552231001037,108.61290322580581
330,2.632,-554.4752856104737,16079.783282703747,371.2950546710533,645.793495561036,109.27240143369113
331,2.64,-924.1254760174567,15340.482901889784,370.84862960385317,645.6374010931838,109.91756272401369
332,2.648,-1293.7756664244394,14601.182521075818,370.43575039319,645.4877977464482,110.54838709677354
333,2.656,-1663.4258568314222,13861.882140261852,370.0561746154734,645.3455146952506,111.16487455197068
334,2.664,-2033.0760472384043,13122.581759447889,369.70965361710785,645.2113523964667,111.7670250896051
335,2.672,-2402.7262376453878,12383.281378633921,369.39593370077955,645.086082770621,112.35483870967678
336,2.68,-2772.3764280523696,11643.980997819957,369.11475727352604,644.9704494040867,112.92831541218574
337,2.688,-3142.026618459352,10904.680617005994,368.865863956653,644.8651677701009,113.48745519713198
338,2.696,-3511.6768088663353,10165.380236192026,368.6489916576231,644.7709254664728,114.03225806451549
339,2.704,-3881.3269992733176,9426.079855378062,368.4638776040948,644.6883824679319,114.5627240143363
340,2.712,-4250.977189680301,8686.779474564095,368.3102593403371,644.6181713911333,115.07885304659435
341,2.72,-4620.627380087283,7947.479093750131,368.18787568628954,644.5608977704021,115.58064516128968
342,2.728,-4990.277570494267,7208.178712936164,368.09646765957643,644.5171403423712,116.0681003584223
343,2.736,-5359.927760901249,6468.8783321222,368.0357793608192,644.4874513377335,116.5412186379922
344,2.744,-5729.5779513082325,5729.5779513082325,368.0055588226206,644.472356778396,116.99999999999936
345,2.7520000000000002,-6099.228141715214,4990.277570494269,368.0055588226206,644.472356778396,117.4444444444438
346,2.7600000000000002,-6468.878332122196,4250.977189680304,368.03553766104744,644.4879258469996,117.87455197132553
347,2.7680000000000002,-6838.52852252918,3511.676808866337,368.0952599032047,644.5195131924743,118.29032258064453
348,2.7760000000000002,-7208.178712936162,2772.3764280523733,368.1844970873502,644.5675430250915,118.69175627240081
349,2.7840000000000003,-7577.828903343146,2033.0760472384059,368.3030283984357,644.6324148579781,119.07885304659436
350,2.7920000000000003,-7947.4790937501275,1293.7756664244419,368.4506413081814,644.714503804503,119.45161290322518
351,2.8000000000000003,-8317.12928415711,554.4752856104747,368.627132181968,644.814160870945,119.81003584229329
352,2.8080000000000003,-8686.779474564093,-184.82509520348935,368.83230685302794,644.9317132432525,120.15412186379866
353,2.816,-9056.429664971076,-924.1254760174567,369.06598116441785,645.0674645667644,120.48387096774131
354,2.824,-9426.079855378059,-1663.4258568314206,369.32798147925064,645.2216952178251,120.79928315412124
355,2.832,-9795.730045785042,-2402.7262376453846,369.61814515965943,645.394662566282,121.10035842293844
356,2.84,-10165.380236192022,-3142.0266184593484,369.9363210149562,645.586601227915,121.38709677419294
357,2.848,-10535.030426599007,-3881.326999273319,370.2823697194374,645.7977233059034,121.65949820788468
358,2.856,-10904.68061700599,-4620.627380087283,370.6561642002763,646.0282186204907,121.9175627240137
359,2.864,-11274.330807412973,-5359.927760901247,371.05758999592535,646.2782549260671,122.16129032258002
360,2.872,-11643.980997819954,-6099.228141715211,371.4865455854351,646.5479781149378,122.39068100358361
361,2.88,-12013.631188226937,-6838.5285225291755,371.9429426890787,646.8375124071051,122.60573476702446
362,2.888,-12383.281378633921,-7577.828903343146,372.4267065406475,647.1469605254389,122.80645161290259
363,2.896,-12752.931569040904,-8317.12928415711,372.9377761317652,647.4764038556659,122.992831541218
364,2.904,-13122.581759447885,-9056.429664971074,373.47610442853954,647.8259025906575,123.1648745519707
365,2.912,-13492.231949854868,-9795.730045785038,374.0416585608506,648.1954958585457,123.32258064516067
366,2.92,-13861.882140261852,-10535.030426599007,374.6344199845453,648.5852018342459,123.4659498207879
367,2.928,-14231.532330668835,-11274.330807412973,375.25438461678243,648.9950178340171,123.59498207885241
368,2.936,-14601.182521075816,-12013.631188226937,375.90156294474355,649.42492039273,123.70967741935421
369,2.944,-14970.832711482799,-12752.9315690409,376.57598010789684,649.874865323575,123.81003584229329
370,2.952,-15340.48290188978,-13492.231949854864,377.2776759539714,650.3447877599731,123.89605734766963
371,2.96,-15710.133092296766,-14231.532330668835,378.0067050687687,650.8346021795112,123.96774193548323
372,2.968,-16079.783282703747,-14970.832711482799,378.76313677990754,651.3442024097654,124.02508960573414
373,2.976,-16449.43347311073,-15710.133092296763,379.5470551345685,651.8734616159213,124.06810035842231
374,2.984,-16819.08366351771,-16449.433473110726,380.35855885127,652.4222322701468,124.09677419354776
375,2.992,-17188.733853924696,-17188.733853924696,381.1977612456801,652.9903461027204,124.11111111111047
376,3.0,-17188.733853924696,-17188.733853924696,382.0647901304326,653.5776140349601,124.11111111111047
377,3.008,-17188.733853924696,-17188.733853924696,382.93181901518506,654.1648819671998,124.11111111111047
378,3.016,-17188.733853924696,-17188.733853924696,383.7988478999375,654.7521498994395,124.11111111111047
379,3.024,-17188.733853924696,-17188.733853924696,384.66587678469,655.3394178316792,124.11111111111047
380,3.032,-17188.733853924696,-17188.733853924696,385.53290566944247,655.9266857639188,124.11111111111047
381,3.04,-17188.733853924696,-17188.733853924696,386.39993455419494,656.5139536961585,124.11111111111047
382,3.048,-17188.733853924696,-17188.733853924696,387.2669634389474,657.1012216283982,124.11111111111047
383,3.056,-17188.733853924696,-17188.733853924696,388.1339923236999,657.6884895606379,124.11111111111047
384,3.064,-17188.733853924696,-17188.733853924696,389.00102120845236,658.2757574928776,124.11111111111047
385,3.072,-17188.733853924696,-17188.733853924696,389.86805009320483,658.8630254251173,124.11111111111047
386,3.08,-17188.733853924696,-17188.733853924696,390.7350789779573,659.4502933573569,124.11111111111047
387,3.088,-17188.733853924696,-17188.733853924696,391.6021078627098,660.0375612895966,124.11111111111047
388,3.096,-17188.733853924696,-17188.733853924696,392.46913674746224,660.6248292218363,124.11111111111047
389,3.104,-17188.733853924696,-17188.733853924696,393.3361656322147,661.212097154076,124.11111111111047
390,3.112,-17188.733853924696,-17188.733853924696,394.2031945169672,661.7993650863157,124.11111111111047
391,3.12,-17188.733853924696,-17188.733853924696,395.07022340171966,662.3866330185554,124.11111111111047
392,3.128,-17188.733853924696,-17188.733853924696,395.93725228647213,662.973900950795,124.11111111111047
393,3.136,-17188.733853924696,-17188.733853924696,396.8042811712246,663.5611688830347,124.11111111111047
394,3.144,-17188.733853924696,-17188.733853924696,397.6713100559771,664.1484368152744,124.11111111111047
395,3.152,-17188.733853924696,-17188.733853924696,398.53833894072955,664.7357047475141,124.11111111111047
396,3.16,-17188.733853924696,-17188.733853924696,399.405367825482,665.3229726797538,124.11111111111047
397,3.168,-17188.733853924696,-17188.733853924696,400.2723967102345,665.9102406119935,124.11111111111047
398,3.176,-17188.733853924696,-17188.733853924696,401.13942559498696,666.4975085442331,124.11111111111047
399,3.184,-17188.733853924696,-17188.733853924696,402.00645447973943,667.0847764764728,124.11111111111047
400,3.192,-17188.733853924696,-17188.733853924696,402.8734833644919,667.6720444087125,124.11111111111047
401,3.2,-17188.733853924696,-17188.733853924696,403.7405122492444,668.2593123409522,124.11111111111047
402,3.208,-17188.733853924696,-17188.733853924696,404.60754113399685,668.8465802731919,124.11111111111047
403,3.216,-17188.733853924696,-17188.733853924696,405.4745700187493,669.4338482054316,124.11111111111047
404,3.224,-17188.733853924696,-17188.733853924696,406.3415989035018,670.0211161376712,124.11111111111047
405,3.232,-17188.733853924696,-17188.733853924696,407.20862778825426,670.6083840699109,124.11111111111047
406,3.24,-17188.733853924696,-17188.733853924696,408.07565667300673,671.1956520021506,124.11111111111047
407,3.248,-17188.733853924696,-17188.733853924696,408.9426855577592,671.7829199343903,124.11111111111047
408,3.2560000000000002,-17188.733853924696,-17188.733853924696,409.8097144425117,672.37018786663,124.11111111111047
409,3.2640000000000002,-17188.733853924696,-17188.733853924696,410.67674332726415,672.9574557988697,124.11111111111047
410,3.2720000000000002,-17188.733853924696,-17188.733853924696,411.5437722120166,673.5447237311093,124.11111111111047
411,3.2800000000000002,-17188.733853924696,-17188.733853924696,412.4108010967691,674.131991663349,124.11111111111047
412,3.2880000000000003,-17188.733853924696,-17188.733853924696,413.27782998152156,674.7192595955887,124.11111111111047
413,3.2960000000000003,-17188.733853924696,-17188.733853924696,414.14485886627403,675.3065275278284,124.11111111111047
414,3.3040000000000003,-17188.733853924696,-17188.733853924696,415.0118877510265,675.8937954600681,124.11111111111047
415,3.3120000000000003,-17188.733853924696,-17188.733853924696,415.878916635779,676.4810633923078,124.11111111111047
416,3.3200000000000003,-17188.733853924696,-17188.733853924696,416.74594552053145,677.0683313245474,124.11111111111047
417,3.3280000000000003,-17188.733853924696,-17188.733853924696,417.6129744052839,677.6555992567871,124.11111111111047
418,3.336,-17188.733853924696,-17188.733853924696,418.4800032900364,678.2428671890268,124.11111111111047
419,3.344,-17188.733853924696,-17188.733853924696,419.34703217478886,678.8301351212665,124.11111111111047
420,3.352,-17188.733853924696,-17188.733853924696,420.21406105954134,679.4174030535062,124.11111111111047
421,3.36,-17188.733853924696,-17188.733853924696,421.0810899442938,680.0046709857459,124.11111111111047
422,3.368,-17188.733853924696,-17188.733853924696,421.9481188290463,680.5919389179855,124.11111111111047
423,3.376,-17188.733853924696,-17188.733853924696,422.81514771379875,681.1792068502252,124.11111111111047
424,3.384,-17188.733853924696,-17188.733853924696,423.6821765985512,681.7664747824649,124.11111111111047
425,3.392,-17188.733853924696,-17188.733853924696,424.5492054833037,682.3537427147046,124.11111111111047
426,3.4,-17188.733853924696,-17188.733853924696,425.41623436805617,682.9410106469443,124.11111111111047
427,3.408,-17188.733853924696,-17188.733853924696,426.28326325280864,683.528278579184,124.11111111111047
428,3.416,-17188.733853924696,-17188.733853924696,427.1502921375611,684.1155465114236,124.11111111111047
429,3.424,-17188.733853924696,-17188.733853924696,428.0173210223136,684.7028144436633,124.11111111111047
430,3.432,-17188.733853924696,-17188.733853924696,428.88434990706605,685.290082375903,124.11111111111047
431,3.44,-17188.733853924696,-17188.733853924696,429.7513787918185,685.8773503081427,124.11111111111047
432,3.448,-17188.733853924696,-17188.733853924696,430.618407676571,686.4646182403824,124.11111111111047
433,3.456,-17188.733853924696,-17188.733853924696,431.48543656132347,687.0518861726221,124.11111111111047
434,3.464,-17188.733853924696,-17188.733853924696,432.35246544607594,687.6391541048617,124.11111111111047
435,3.472,-17188.733853924696,-17188.733853924696,433.2194943308284,688.2264220371014,124.11111111111047
436,3.48,-17188.733853924696,-17188.733853924696,434.0865232155809,688.8136899693411,124.11111111111047
437,3.488,-17188.733853924696,-17188.733853924696,434.95355210033335,689.4009579015808,124.11111111111047
438,3.496,-17188.733853924696,-17188.733853924696,435.8205809850858,689.9882258338205,124.11111111111047
439,3.504,-16449.433473110734,-16911.49621111946,436.6876098698383,690.5754937660602,124.11111111111047
440,3.512,-15710.133092296766,-16634.25856831422,437.5290008036975,691.1453962486906,124.09318996415706
441,3.52,-14970.832711482803,-16357.020925508987,438.3449265709587,691.6976781010062,124.05734767025025
442,3.528,-14231.532330668835,-16079.783282703747,439.1355434328624,692.2321080452201,124.00358422939004
443,3.536,-13492.23194985487,-15802.545639898512,439.9009909330274,692.7484785753084,123.93189964157644
444,3.544,-12752.931569040904,-15525.307997093276,440.6413917400996,693.2466058519408,123.84229390680942
445,3.552,-12013.631188226938,-15248.070354288036,441.35685152749284,693.7263296236883,123.73476702508898
446,3.56,-11274.330807412973,-14970.832711482803,442.04745889015487,694.1875131746133,123.60931899641515
447,3.568,-10535.030426599007,-14693.595068677563,442.7132852983499,694.6300432982653,123.46594982078793
448,3.576,-9795.730045785042,-14416.357425872327,443.35438508850416,695.0538302980285,123.30465949820729
449,3.584,-9056.429664971076,-14139.11978306709,443.97079549122054,695.45880801368,123.12544802867325
450,3.592,-8317.129284157112,-13861.882140261852,444.56253669662135,695.84493387394,122.92831541218581
451,3.6,-7577.828903343147,-13584.644497456615,445.12961195723653,696.2121889747086,122.71326164874496
452,3.608,-6838.528522529182,-13307.406854651377,445.6720077287066,696.5605781826034,122.48028673835069
453,3.616,-6099.228141715216,-13030.169211846141,446.1896938486227,696.8901302633262,122.229390681003
454,3.624,-5359.927760901251,-12752.931569040904,446.6826237538784,697.2008980342991,121.96057347670191
455,3.632,-4620.627380087285,-12475.693926235668,447.1507347369561,697.4929585409302,121.67383512544743
456,3.64,-3881.326999273319,-12198.45628343043,447.5939482416186,697.7664132557722,121.36917562723953
457,3.648,-3142.0266184593534,-11921.218640625193,448.01217019852106,698.0213882997562,121.04659498207823
458,3.656,-2402.7262376453878,-11643.980997819956,448.40529140130116,698.2580346845839,120.70609318996354
459,3.664,-1663.4258568314237,-11366.743355014718,448.7731879237449,698.4765285752788,120.34767025089543
460,3.672,-924.1254760174567,-11089.505712209482,449.11572157866044,698.6770715717894,119.97132616487391
461,3.68,-184.82509520349262,-10812.268069404243,449.4327404191274,698.8598910084547,119.577060931899
462,3.688,554.4752856104714,-10535.030426599007,449.72407928281586,699.0252402700344,119.16487455197068
463,3.696,1293.7756664244387,-10257.792783793771,449.98956038009646,699.1733991229112,118.73476702508897
464,3.704,2033.0760472384027,-9980.555140988534,450.2289939266825,699.3046740599686,118.28673835125385
465,3.712,2772.3764280523696,-9703.317498183296,450.4421788215618,699.4193986575444,117.82078853046531
466,3.72,3511.676808866334,-9426.079855378059,450.62890337098713,699.5179339427534,117.33691756272339
467,3.728,4250.977189680301,-9148.842212572823,450.7889460593009,699.6006687693655,116.83512544802804
468,3.736,4990.277570494265,-8871.604569767585,450.9220763673691,699.6680202003163,116.3154121863793
469,3.744,5729.5779513082325,-8594.366926962348,451.0280556393956,699.7204338948118,115.77777777777716
470,3.7520000000000002,6468.878332122196,-8317.12928415711,451.1066379988754,699.7583844978801,115.2222222222216
471,3.7600000000000002,7208.17871293616,-8039.891641351874,451.1575713144282,699.7823760301046,114.64874551971265
472,3.7680000000000002,7947.4790937501275,-7762.653998546636,451.1805982162282,699.7929422751547,114.0573476702503
473,3.7760000000000002,8686.779474564091,-7485.4163557413995,451.1754571637139,699.7906471626166,113.44802867383453
474,3.7840000000000003,9426.079855378059,-7208.178712936164,451.1418835652229,699.7760851435019,112.82078853046536
475,3.7920000000000003,10165.380236192022,-6930.941070130926,451.07961095014764,699.749881555692,112.1756272401428
476,3.8000000000000003,10904.68061700599,-6653.703427325689,450.9883721941537,699.7126929764577,111.51254480286683
477,3.8080000000000003,11643.980997819954,-6376.465784520452,450.8679007979367,699.6652075590653,110.83154121863743
478,3.8160000000000003,12383.281378633921,-6099.228141715214,450.71793221992027,699.6081453503625,110.13261648745461
479,3.8240000000000003,13122.581759447885,-5821.990498909977,450.5382052632157,699.5422585861138,109.4157706093184
480,3.8320000000000003,13861.882140261849,-5544.752856104741,450.32846351707076,699.4683319607278,108.68100358422879
481,3.84,14601.182521075812,-5267.515213299504,450.0884568529325,699.387182867906,107.92831541218577
482,3.848,15340.482901889784,-4990.277570494267,449.81794297513693,699.2996616086112,107.15770609318935
483,3.856,16079.783282703747,-4713.039927689029,449.5166890261132,699.2066515626464,106.36917562723953
484,3.864,16819.08366351771,-4435.802284883792,449.18447324585827,699.1090693200052,105.5627240143363
485,3.872,17558.384044331677,-4158.564642078555,448.8210866852892,699.0078647680532,104.73835125447965
486,3.88,18297.68442514564,-3881.326999273319,448.42633497292525,698.9040211304781,103.89605734766963
487,3.888,19036.98480595961,-3604.089356468082,448.000040134182,698.7985549538466,103.03584229390617
488,3.896,19776.285186773574,-3326.8517136628443,447.5420424623783,698.6925160374981,102.15770609318933
489,3.904,20515.58556758754,-3049.614070857607,447.05220244036445,698.5869873024103,101.26164874551908
490,3.912,21254.8859484015,-2772.3764280523696,446.5304027114727,698.4830845945802,100.34767025089542
491,3.92,21994.186329215474,-2495.1387852471344,445.97655009827486,698.3819564183771,99.41577060931837
492,3.928,22733.486710029436,-2217.901142441895,445.3905776673979,698.2847835952473,98.4659498207879
493,3.936,23472.7870908434,-1940.6634996366595,444.77244683840695,698.1927788430828,97.49820788530404
494,3.944,24212.087471657363,-1663.4258568314206,444.122149534507,698.1071862715044,96.51254480286677
495,3.952,24951.38785247133,-1386.1882140261848,443.43971037254414,698.0292807882582,95.50896057347609
496,3.96,25690.6882332853,-1108.9505712209493,442.7251888895066,697.9603674118932,94.48745519713201
497,3.968,26429.988614099264,-831.7129284157103,441.97868180242904,697.9017804858508,93.44802867383453
498,3.976,27169.288994913226,-554.4752856104747,441.2003252982953,697.8548827890947,92.39068100358365
499,3.984,27908.58937572719,-277.2376428052357,440.3902973502163,697.8210645384019,91.31541218637935
500,3.992,28647.88975654116,0.0,439.54882005582635,697.8017422774608,90.22222222222166
501,4.0,28647.88975654116,0.0,438.6761619934962,697.7983576479489,89.11111111111056
502,4.008,28647.88975654116,0.0,437.8036023841963,697.8118956568574,87.99999999999946
503,4.016,28647.88975654116,0.0,436.9314693619107,697.8423512130947,86.88888888888836
504,4.024,28647.88975654116,0.0,436.06009090020143,697.8897128635718,85.77777777777726
505,4.032,28647.88975654116,0.0,435.1897946888712,697.9539627975089,84.66666666666616
506,4.04,28647.88975654116,0.0,434.3209080107325,698.0350768531333,83.55555555555507
507,4.048,28647.88975654116,0.0,433.4537576185302,698.1330245267661,82.44444444444397
508,4.056,28647.88975654116,0.0,432.58866961206286,698.2477689842931,81.33333333333287
509,4.064,28647.88975654116,0.0,431.7259693155503,698.3792670750165,80.22222222222177
510,4.072,28647.88975654116,0.0,430.86598115529216,698.5274693478821,79.11111111111067
511,4.08,28647.88975654116,0.0,430.00902853766456,698.6923200700762,77.99999999999957
512,4.088,28647.88975654116,0.0,429.15543372750017,698.8737572479841,76.88888888888847
513,4.096,28647.88975654116,0.0,428.3055177268976,699.0717126505035,75.77777777777737
514,4.104,28647.88975654116,0.0,427.4596001545058,699.2861118347032,74.66666666666627
515,4.112,28647.88975654116,0.0,426.6179991253281,699.5168741738182,73.55555555555519
516,4.12,28647.88975654116,0.0,425.78103113109273,699.7639128875705,72.44444444444409
517,4.128,28647.88975654116,0.0,424.9490109212328,700.0271350748028,71.33333333333299
518,4.136,28647.88975654116,0.0,424.1222513845221,700.3064417484156,70.22222222222189
519,4.144,28647.88975654116,0.0,423.3010634314104,700.6017278725917,69.11111111111079
520,4.152,28647.88975654116,0.0,422.48575587710275,700.912882402296,67.99999999999969
521,4.16,28647.88975654116,0.0,421.67663532542656,701.2397883250354,66.88888888888859
522,4.168,28647.88975654116,0.0,420.87400605353093,701.5823227048618,65.77777777777749
523,4.176,28647.88975654116,0.0,420.0781698974597,701.9403567286033,64.66666666666639
524,4.184,28647.88975654116,0.0,419.289426138644,702.3137557543064,63.555555555555294
525,4.192,28647.88975654116,0.0,418.5080713913542,702.7023793618682,62.444444444444194
526,4.2,28647.88975654116,0.0,417.7343994911556,703.1060814058437,61.333333333333094
527,4.208,28647.88975654116,0.0,416.9687013844092,703.5247100704041,60.222222222222
528,4.216,28647.88975654116,0.0,416.21126501885806,703.9581079264296,59.1111111111109
529,4.224,28647.88975654116,0.0,415.4623752353424,704.406111990711,57.9999999999998
530,4.232,28647.88975654116,0.0,414.7223136606824,704.8685537872417,56.8888888888887
531,4.24,28647.88975654116,0.0,413.9913586017701,705.3452594105747,55.77777777777761
532,4.248,28647.88975654116,0.0,413.2697849409093,705.8360495912208,54.66666666666651
533,4.256,28647.88975654116,0.0,412.5578640324435,706.3407397630649,53.55555555555541
534,4.264,28647.88975654116,0.0,411.855863600711,706.8591401327737,52.44444444444431
535,4.272,28647.88975654116,0.0,411.1640476393645,707.3910557511692,51.33333333333321
536,4.28,28647.88975654116,0.0,410.4826763120939,707.936286586541,50.222222222222115
537,4.288,28647.88975654116,0.0,409.8120058547893,708.4946275998703,49.111111111111015
538,4.296,28647.88975654116,0.0,409.15228847918127,709.0658688219364,47.999999999999915
539,4.304,28647.88975654116,0.0,408.50377227799436,709.6497954322779,46.888888888888815
540,4.312,28647.88975654116,0.0,407.8667011316494,710.2461878399772,45.777777777777715
541,4.32,28647.88975654116,0.0,407.2413146165502,710.8548217662408,44.66666666666662
542,4.328,28647.88975654116,0.0,406.6278479149887,711.4754683287399,43.55555555555552
543,4.336,28647.88975654116,0.0,406.0265317267025,712.1078941276853,42.44444444444442
544,4.344,28647.88975654116,0.0,405.4375921821179,712.7518613335981,41.33333333333332
545,4.352,28647.88975654116,0.0,404.8612507573117,713.4071277767487,40.22222222222223
546,4.36,28647.88975654116,0.0,404.2977241907232,714.073447038226,39.11111111111113
547,4.368,28647.88975654116,0.0,403.7472244016476,714.7505685426065,38.00000000000003
548,4.376,28647.88975654116,0.0,403.2099584105416,715.4382376521844,36.88888888888893
549,4.384,28647.88975654116,0.0,402.68612826117214,716.1361957627314,35.77777777777783
550,4.392,28647.88975654116,0.0,402.17593094463507,716.8441804007464,34.666666666666735
551,4.4,28647.88975654116,0.0,401.6795583252757,717.5619253221614,33.555555555555635
552,4.408,28647.88975654116,0.0,401.19719706853607,718.2891606124654,32.444444444444535
553,4.416,28647.88975654116,0.0,400.7290285707577,719.025612788207,31.333333333333435
554,4.424,28647.88975654116,0.0,400.2752288909659,719.771004899842,30.22222222222234
555,4.432,28647.88975654116,0.0,399.8359686846611,720.5250566358812,29.11111111111124
556,4.44,28647.88975654116,0.0,399.4114131396426,721.2874844283053,28.000000000000142
557,4.448,28647.88975654116,0.0,399.00172191388776,722.0580015592027,26.888888888889042
558,4.456,28647.88975654116,0.0,398.60704907551144,722.8363182685921,25.777777777777946
559,4.464,28647.88975654116,0.0,398.22754304482726,723.62214186339,24.666666666666845
560,4.472,28647.88975654116,0.0,397.8633465385326,724.4151768274802,23.555555555555735
561,4.48,28647.88975654116,0.0,397.5145965160391,725.2151249328455,22.444444444444624
562,4.488,28647.88975654116,0.0,397.18142412796726,726.0216853517188,21.333333333333513
563,4.496,28647.88975654116,0.0,396.86395466682654,726.8345547697128,20.2222222222224
564,4.5040000000000004,28647.88975654116,462.0627380087284,396.5623075198977,727.653427499883,19.11111111111129
565,4.5120000000000005,28647.88975654116,924.1254760174568,396.2719878760207,728.4912950831335,18.017921146953583
566,4.5200000000000005,28647.88975654116,1386.1882140261853,395.9933527462639,729.3479340414447,16.94265232974928
567,4.5280000000000005,28647.88975654116,1848.2509520349136,395.72674053995945,730.2231153107593,15.885304659498379
568,4.5360000000000005,28647.88975654116,2310.313690043642,395.4724710140724,731.1166051191656,14.845878136200884
569,4.5440000000000005,28647.88975654116,2772.3764280523706,395.2308452543281,732.0281658429195,13.824372759856793
570,4.5520000000000005,28647.88975654116,3234.439166061099,395.0021456860824,732.9575568393363,12.820788530466105
571,4.5600000000000005,28647.88975654116,3696.501904069827,394.7866361129413,733.9045352556827,11.835125448028835
572,4.5680000000000005,28647.88975654116,4158.564642078555,394.58456178115716,734.8688568133136,10.867383512544968
573,4.5760000000000005,28647.88975654116,4620.627380087284,394.3961494678596,735.8502765663977,9.917562724014505
574,4.5840000000000005,28647.88975654116,5082.690118096012,394.2216075912128,736.848549634672,8.985663082437448
575,4.5920000000000005,28647.88975654116,5544.752856104741,394.06112634062583,737.8634319097592,8.071684587813793
576,4.6000000000000005,28647.88975654116,6006.815594113469,393.91487782518425,738.894680734665,7.175627240143542
577,4.6080000000000005,28647.88975654116,6468.878332122198,393.78301623851235,739.9420555561558,6.297491039426696
578,4.616,28647.88975654116,6930.941070130926,393.665678038324,741.0053185497909,5.437275985663253
579,4.624,28647.88975654116,7393.003808139654,393.5629821389657,742.0842352174577,4.5949820788532145
580,4.632,28647.88975654116,7855.066546148383,393.4750301153066,743.1785749573176,3.7706093189965797
581,4.64,28647.88975654116,8317.12928415711,393.4019064163823,744.2881116061388,2.964157706093349
582,4.648,28647.88975654116,8779.19202216584,393.3436785872527,745.4126239540426,2.1756272401435224
583,4.656,28647.88975654116,9241.254760174568,393.3003974975886,746.5518962317415,1.4050179211471123
584,4.664,28647.88975654116,9703.317498183296,393.27209757555784,747.705718570398,0.6523297491041065
585,4.672,28647.88975654116,10165.380236192024,393.2587970456376,748.8738874342695,-0.08243727598549554
586,4.68,28647.88975654116,10627.442974200752,393.2604981690391,750.0562060263467,-0.7992831541216935
587,4.688,28647.88975654116,11089.505712209482,393.2771874854842,751.252484667223,-1.4982078853044873
588,4.696,28647.88975654116,11551.56845021821,393.30883605513634,752.4625411474665,-2.1792114695338776
589,4.704,28647.88975654116,12013.631188226938,393.3553996995414,753.686201053785,-2.8422939068098634
590,4.712,28647.88975654116,12475.693926235668,393.4168192404966,754.923298069303,-3.4874551971324452
591,4.72,28647.88975654116,12937.756664244396,393.4930207358183,756.1736742482824,-4.1146953405016236
592,4.728,28647.88975654116,13399.819402253124,393.58391571104244,757.4371802656378,-4.7240143369173975
593,4.736,28647.88975654116,13861.882140261852,393.68940138614323,758.7136756416029,-5.315412186379767
594,4.744,28647.88975654116,14323.94487827058,393.80936089641546,760.0030289419187,-5.888888888888733
595,4.752,28647.88975654116,14786.007616279308,393.9436635067217,761.3051179539165,-6.444444444444295
596,4.76,28647.88975654116,15248.070354288036,394.0921648183586,762.6198298388683,-6.98207885304644
597,4.768,28647.88975654116,15710.133092296766,394.2547069678542,763.9470612609844,-7.501792114695181
598,4.776,28647.88975654116,16172.195830305494,394.4311188170599,765.2867184934245,-8.003584229390519
599,4.784,28647.88975654116,16634.25856831422,394.62121613395516,766.6387175016949,-8.487455197132453
600,4.792,28647.88975654116,17096.321306322952,394.8248017636346,768.0029840047875,-8.953405017920982
601,4.8,28647.88975654116,17558.38404433168,395.0416657889991,769.3794535144114,-9.401433691756107
602,4.808,28647.88975654116,18020.44678234041,395.2715856807241,770.768071352656,-9.831541218637827
603,4.816,28647.88975654116,18482.509520349136,395.51432643612577,772.1687926484105,-10.243727598566146
604,4.824,28647.88975654116,18944.572258357864,395.7696407065989,773.5815823128509,-10.637992831541059
605,4.832,28647.88975654116,19406.634996366593,396.03726891334463,775.0064149942859,-11.014336917562568
606,4.84,28647.88975654116,19868.69773437532,396.31693935115607,776.4432750126426,-11.372759856630674
607,4.848,28647.88975654116,20330.76047238405,396.60836828007666,777.892156273845,-11.713261648745375
608,4.856,28647.88975654116,20792.823210392777,396.91126000479187,779.3530621643264,-12.03584229390666
609,4.864,28647.88975654116,21254.885948401505,397.2253069416596,780.826005425891,-12.34050179211454
610,4.872,28647.88975654116,21716.948686410233,397.5501896733316,782.3110080111204,-12.627240143369017
611,4.88,28647.88975654116,22179.011424418964,397.88557699096,783.8081009194979,-12.896057347670089
612,4.888,28647.88975654116,22641.074162427692,398.2311259240288,785.3173240144014,-13.146953405017758
613,4.896,28647.88975654116,23103.13690043642,398.58648175789267,786.8387258210917,-13.379928315412023
614,4.904,28647.88975654116,23565.19963844515,398.95127803914784,788.3723633057997,-13.594982078852883
615,4.912,28647.88975654116,24027.262376453877,399.3251365690031,789.9183016359937,-13.79211469534034
616,4.92,28647.88975654116,24489.32511446261,399.70766738486134,791.4766139218813,-13.971326164874393
617,4.928,28647.88975654116,24951.387852471336,400.098468730362,793.0473809391808,-14.132616487455042
618,4.936,28647.88975654116,25413.450590480064,400.4971270141797,794.6306908331715,-14.275985663082286
619,4.944,28647.88975654116,25875.513328488792,400.9032167579122,796.2266388040075,-14.401433691756127
620,4.952,28647.88975654116,26337.57606649752,401.31630053343656,797.8353267732624,-14.50896057347655
621,4.96,28647.88975654116,26799.63880450625,401.73592889014935,799.4568630316444,-14.598566308243571
622,4.968,28647.88975654116,27261.701542514977,402.1616402725523,801.091361867804,-14.670250896057187
623,4.976,28647.88975654116,27723.764280523705,402.5929609286828,802.7389431781346,-14.7240143369174
624,4.984,28647.88975654116,28185.827018532433,403.0294048099347,804.3997320574463,-14.759856630824206
625,4.992,28647.88975654116,28647.88975654116,403.4704734628516,806.0738583703767,-14.77777777777761
