#i,time,PWM_l,PWM_r,x,y,theta
1,0.00,0.0,0.0,2000.0,1500.0,-14.999999999999996
2,0.01,0.0,-350.7904868147897,2000.0,1500.0,-14.999999999999996
3,0.02,0.0,-701.5809736295794,1999.9652909682509,1499.87046413003,-15.028994994224101
4,0.03,0.0,-1052.3714604443692,1999.89574180829,1499.6114275528362,-15.086984982672314
5,0.04,0.0,-1403.1619472591588,1999.7910248591625,1499.222978473792,-15.173969965344634
6,0.05,0.0,-1753.9524340739486,1999.650616110297,1498.705258936643,-15.289949942241046
7,0.06,0.0,-2104.7429208887384,1999.4737955538212,1498.0584661157518,-15.434924913361566
8,0.07,0.0,-2455.533407703528,1999.2596476788503,1497.2828541035778,-15.608894878706192
9,0.08,0.0,-2806.3238945183175,1999.0070621140167,1496.3787361916657,-15.811859838274923
10,0.09,0.0,-3157.1143813331073,1998.7147344262648,1495.3464876428243,-16.04381979206776
11,0.10,0.0,-3507.904868147897,1998.3811670856721,1494.1865489516422,-16.304774740084707
12,0.11,0.0,-3858.6953549626865,1998.0046706077574,1492.8994295898447,-16.594724682325758
13,0.12,0.0,-4209.485841777477,1997.5833648864655,1491.4857122323174,-16.913669618790916
14,0.13,0.0,-4560.2763285922665,1997.115180732687,1489.9460574589084,-17.261609549480166
15,0.14,0.0,-4911.066815407056,1996.5978616348339,1488.281208926317,-17.638544474393523
16,0.15,0.0,-5261.857302221846,1996.0289657596295,1486.4919990034778,-18.04447439353099
17,0.16,0.0,-5612.647789036635,1995.4058682128743,1484.5793548629317,-18.47939930689256
18,0.17,0.0,-5963.438275851425,1994.7257635815095,1482.544305019599,-18.943319214478237
19,0.18,0.0,-6314.228762666215,1993.9856687798283,1480.387986307238,-19.43623411628802
20,0.19,0.0,-6665.019249481004,1993.182426224168,1478.1116512816297,-19.95814401232191
21,0.20,0.0,-7015.809736295794,1992.3127073618216,1475.7166760381679,-20.509048902579906
22,0.21,0.0,-7366.600223110583,1991.3730165812913,1473.2045684300901,-21.088948787061994
23,0.22,0.0,-7717.390709925373,1990.359695532281,1470.5769766719477,-21.69784366576819
24,0.23,0.0,-8068.181196740163,1989.268927885054,1467.8356983112499,-22.33573353869849
25,0.24,0.0,-8418.971683554953,1988.0967445599053,1464.9826895493388,-23.002618405852903
26,0.25,0.0,-8769.762170369742,1986.8390294585397,1462.0200748905772,-23.698498267231418
27,0.26,0.0,-9120.552657184533,1985.4915257300663,1458.9501570968132,-24.42337312283404
28,0.27,0.0,-9471.343143999322,1984.0498426051417,1455.7754274218314,-25.177242972660768
29,0.28,0.0,-9822.133630814113,1982.5094628324687,1452.4985760980726,-25.960107816711588
30,0.29,0.0,-10172.924117628902,1980.8657507524094,1449.1225030453788,-26.771967654986515
31,0.30,0.0,-10523.714604443692,1979.1139610428481,1445.6503287688083,-27.612822487485552
32,0.31,0.0,-10874.505091258481,1977.2492481726522,1442.0854054097053,-28.482672314208692
33,0.32,0.0,-11225.29557807327,1975.266676598133,1438.4313279112685,-29.38151713515594
34,0.33,0.0,-11576.08606488806,1973.1612317377185,1434.6919452566653,-30.30935695032729
35,0.34,0.0,-11926.87655170285,1970.9278317596772,1430.8713717345363,-31.26619175972275
36,0.35,0.0,-12277.66703851764,1968.5613402171257,1426.9739981832809,-32.25202156334232
37,0.36,0.0,-12628.45752533243,1966.0565795636658,1423.0045031620011,-33.26684636118598
38,0.37,0.0,-12979.24801214722,1963.4083455818882,1418.9678639923568,-34.310666153253756
39,0.38,0.0,-13330.038498962009,1960.6114227555381,1414.8693676117746,-35.38348093954563
40,0.39,0.0,-13680.8289857768,1957.6606006144248,1410.714621174653,-36.48529072006161
41,0.40,0.0,-14031.619472591588,1954.5506910791046,1406.5095623342313,-37.6160954948017
42,0.41,0.0,-14382.40995940638,1951.2765468299704,1402.2604691337747,-38.77589526376589
43,0.42,0.0,-14733.200446221166,1947.8330807226175,1397.9739694317068,-39.96469002695418
44,0.43,0.0,-15083.990933035959,1944.215286268235,1393.6570497811736,-41.18247978436658
45,0.44,0.0,-15434.781419850746,1940.4182591942017,1389.3170636804625,-42.42926453600308
46,0.45,0.0,-15785.571906665538,1936.4372200961288,1384.9617391065767,-43.70504428186369
47,0.46,0.0,-16136.362393480325,1932.2675381881754,1380.5991852402367,-45.0098190219484
48,0.47,0.0,-16487.152880295118,1927.904756153618,1376.2378982865812,-46.343588756257226
49,0.48,0.0,-16837.943367109907,1923.344616092314,1371.8867662919838,-47.70635348479015
50,0.49,0.0,-17188.733853924696,1918.5830865558992,1367.5550728536273,-49.09811320754718
51,0.50,0.0,-16844.9591768462,1913.616390655231,1363.2524996149423,-50.51886792452831
52,0.51,0.0,-16501.18449976771,1908.6459792930973,1359.1579569748865,-51.91120754716982
53,0.52,0.0,-16157.409822689215,1903.6809815877477,1355.2664695490112,-53.27513207547171
54,0.53,0.0,-15813.63514561072,1898.7301004791852,1351.572852748057,-54.61064150943397
55,0.54,0.0,-15469.860468532228,1893.8016183069194,1348.0717402551054,-55.91773584905661
56,0.55,0.0,-15126.085791453734,1888.9034034798378,1344.7576103135725,-57.19641509433963
57,0.56,0.0,-14782.31111437524,1884.0429181318532,1341.624810821375,-58.44667924528303
58,0.57,0.0,-14438.536437296745,1879.2272266610707,1338.6675832324145,-59.66852830188681
59,0.58,0.0,-14094.76176021825,1874.4630050544502,1335.8800852719141,-60.86196226415095
60,0.59,0.0,-13750.987083139757,1869.7565509042633,1333.256412476996,-62.02698113207548
61,0.60,0.0,-13407.212406061264,1865.1137940270064,1330.7906185783067,-63.163584905660386
62,0.61,0.0,-13063.43772898277,1860.540307599841,1328.476734742433,-64.27177358490567
63,0.62,0.0,-12719.663051904276,1856.0413197340413,1326.308787698399,-65.35154716981133
64,0.63,0.0,-12375.888374825781,1851.621725409289,1324.2808167746298,-66.40290566037737
65,0.64,0.0,-12032.113697747287,1847.2860986970145,1322.3868898755027,-67.42584905660378
66,0.65,0.0,-11688.339020668795,1843.0387052052256,1320.6211184289532,-68.42037735849058
67,0.66,0.0,-11344.5643435903,1838.8835146814727,1318.9776713386327,-69.38649056603774
68,0.67,0.0,-11000.789666511806,1834.8242137146717,1317.450787975753,-70.3241886792453
69,0.68,0.0,-10657.014989433312,1830.8642184804803,1316.0347902471713,-71.23347169811322
70,0.69,0.0,-10313.240312354817,1827.00668747879,1314.7240937772985,-72.11433962264151
71,0.70,0.0,-9969.465635276325,1823.2545342155945,1313.513218242275,-72.9667924528302
72,0.71,0.0,-9625.69095819783,1819.6104397850877,1312.3967968953893,-73.79083018867927
73,0.72,0.0,-9281.916281119336,1816.0768653112727,1311.3695853230474,-74.58645283018869
74,0.73,0.0,-8938.141604040842,1812.6560642116347,1310.4264694707308,-75.35366037735851
75,0.74,0.0,-8594.366926962348,1809.350094248558,1309.562472978283,-76.09245283018869
76,0.75,0.0,-8250.592249883855,1806.1608293371373,1308.7727638636297,-76.80283018867925
77,0.76,0.0,-7906.81757280536,1803.0899710808171,1308.052660593561,-77.4847924528302
78,0.77,0.0,-7563.042895726867,1800.1390600089671,1307.3976375796901,-78.13833962264152
79,0.78,0.0,-7219.268218648373,1797.3094864929499,1306.803330136927,-78.76347169811322
80,0.79,0.0,-6875.493541569878,1794.6025013195904,1306.2655389410083,-79.3601886792453
81,0.80,0.0,-6531.718864491385,1792.0192259031228,1305.7802340206654,-79.92849056603774
82,0.81,0.0,-6187.944187412891,1789.5606621186907,1305.3435583189494,-80.46837735849057
83,0.82,0.0,-5844.169510334397,1787.2277017423658,1304.9518308571114,-80.97984905660378
84,0.83,0.0,-5500.394833255903,1785.0211354843614,1304.6015495332085,-81.46290566037737
85,0.84,0.0,-5156.620156177409,1782.941661603696,1304.2893935863285,-81.91754716981133
86,0.85,0.0,-4812.845479098915,1780.9898940940348,1304.0122257559633,-82.34377358490568
87,0.86,0.0,-4469.070802020421,1779.1663704317143,1303.7670941646847,-82.7415849056604
88,0.87,0.0,-4125.296124941928,1777.471558878182,1303.551233950786,-83.1109811320755
89,0.88,0.0,-3781.5214478634334,1775.905865330149,1303.3620686761224,-83.45196226415095
90,0.89,0.0,-3437.746770784939,1774.4696397117095,1303.197211532799,-83.76452830188681
91,0.90,0.0,-3093.9720937064453,1773.163181903552,1303.0544663708424,-84.04867924528304
92,0.91,0.0,-2750.1974166279515,1771.9867472051374,1302.9318285674108,-84.30441509433965
93,0.92,0.0,-2406.4227395494577,1770.9405513263973,1302.827485756481,-84.53173584905662
94,0.93,0.0,-2062.648062470964,1770.0247749060836,1302.7398184363428,-84.73064150943398
95,0.94,0.0,-1718.8733853924696,1769.2395675544158,1302.6674004706201,-84.90113207547171
96,0.95,0.0,-1375.0987083139757,1768.5850514180966,1302.6089994968588,-85.04320754716983
97,0.96,0.0,-1031.324031235482,1768.0613242661602,1302.5635772551122,-85.15686792452831
98,0.97,0.0,-687.5493541569879,1767.668462095422,1302.5302898472673,-85.24211320754718
99,0.98,0.0,-343.77467707849394,1767.4065212545756,1302.5084879361912,-85.29894339622643
100,0.99,0.0,0.0,1767.275540086206,1302.497716892136,-85.32735849056606
101,1.00,343.77467707849394,343.77467707849394,1767.275540086206,1302.497716892136,-85.32735849056606
102,1.01,687.5493541569879,687.5493541569879,1767.5375130742486,1302.5191290607982,-85.32735849056606
103,1.02,1031.324031235482,1031.324031235482,1768.061459050332,1302.5619533981226,-85.32735849056606
104,1.03,1375.0987083139757,1375.0987083139757,1768.8473780144577,1302.6261899041092,-85.32735849056606
105,1.04,1718.8733853924696,1718.8733853924696,1769.8952699666243,1302.711838578758,-85.32735849056606
106,1.05,2062.648062470964,2062.648062470964,1771.2051349068333,1302.818899422071,-85.32735849056606
107,1.06,2406.4227395494577,2406.4227395494577,1772.7769728350831,1302.947372434046,-85.32735849056606
108,1.07,2750.1974166279515,2750.1974166279515,1774.6107837513755,1303.0972576146833,-85.32735849056606
109,1.08,3093.9720937064453,3093.9720937064453,1776.7065676557086,1303.2685549639828,-85.32735849056606
110,1.09,3437.746770784939,3437.746770784939,1779.0643245480842,1303.4612644819445,-85.32735849056606
111,1.10,3781.5214478634334,3781.5214478634334,1781.6840544285005,1303.6753861685684,-85.32735849056606
112,1.11,4125.296124941928,4125.296124941928,1784.5657572969594,1303.9109200238545,-85.32735849056606
113,1.12,4469.070802020421,4469.070802020421,1787.7094331534609,1304.1678660478028,-85.32735849056606
114,1.13,4812.845479098915,4812.845479098915,1791.115081998003,1304.4462242404134,-85.32735849056606
115,1.14,5156.620156177409,5156.620156177409,1794.7827038305877,1304.745994601688,-85.32735849056606
116,1.15,5500.394833255903,5500.394833255903,1798.7122986512131,1305.0671771316247,-85.32735849056606
117,1.16,5844.169510334397,5844.169510334397,1802.903866459881,1305.4097718302237,-85.32735849056606
118,1.17,6187.944187412891,6187.944187412891,1807.3574072565898,1305.7737786974849,-85.32735849056606
119,1.18,6531.718864491385,6531.718864491385,1812.072921041341,1306.1591977334083,-85.32735849056606
120,1.19,6875.493541569878,6875.493541569878,1817.050407814134,1306.566028937994,-85.32735849056606
121,1.20,7219.268218648373,7219.268218648373,1822.2898675749684,1306.9942723112417,-85.32735849056606
122,1.21,7563.042895726867,7563.042895726867,1827.7913003238446,1307.4439278531518,-85.32735849056606
123,1.22,7906.81757280536,7906.81757280536,1833.5547060607623,1307.914995563724,-85.32735849056606
124,1.23,8250.592249883855,8250.592249883855,1839.5800847857217,1308.4074754429603,-85.32735849056606
125,1.24,8594.366926962348,8594.366926962348,1845.8674364987228,1308.9213674908588,-85.32735849056606
126,1.25,8938.141604040842,8938.141604040842,1852.4167611997655,1309.4566717074194,-85.32735849056606
127,1.26,9281.916281119336,9281.916281119336,1859.2280588888507,1310.0133880926423,-85.32735849056606
128,1.27,9625.69095819783,9625.69095819783,1866.3013295659775,1310.5915166465275,-85.32735849056606
129,1.28,9969.465635276325,9969.465635276325,1873.636573231146,1311.1910573690748,-85.32735849056606
130,1.29,10313.240312354817,10313.240312354817,1881.2337898843562,1311.8120102602843,-85.32735849056606
131,1.30,10657.014989433312,10657.014989433312,1889.092979525608,1312.454375320156,-85.32735849056606
132,1.31,11000.789666511806,11000.789666511806,1897.2141421549013,1313.11815254869,-85.32735849056606
133,1.32,11344.5643435903,11344.5643435903,1905.5972777722363,1313.803341945888,-85.32735849056606
134,1.33,11688.339020668795,11688.339020668795,1914.242386377613,1314.5099435117481,-85.32735849056606
135,1.34,12032.113697747287,12032.113697747287,1923.1494679710313,1315.2379572462705,-85.32735849056606
136,1.35,12375.888374825781,12375.888374825781,1932.3185225524912,1315.9873831494551,-85.32735849056606
137,1.36,12719.663051904276,12719.663051904276,1941.7495501219937,1316.758221221302,-85.32735849056606
138,1.37,13063.43772898277,13063.43772898277,1951.4425506795378,1317.550471461811,-85.32735849056606
139,1.38,13407.212406061264,13407.212406061264,1961.3975242251236,1318.3641338709822,-85.32735849056606
140,1.39,13750.987083139757,13750.987083139757,1971.614470758751,1319.1992084488156,-85.32735849056606
141,1.40,14094.76176021825,14094.76176021825,1982.09339028042,1320.0556951953113,-85.32735849056606
142,1.41,14438.536437296745,14438.536437296745,1992.8342827901306,1320.933594110471,-85.32735849056606
143,1.42,14782.31111437524,14782.31111437524,2003.8371482878829,1321.8329051942928,-85.32735849056606
144,1.43,15126.085791453734,15126.085791453734,2015.1019867736768,1322.753628446777,-85.32735849056606
145,1.44,15469.860468532228,15469.860468532228,2026.6287982475123,1323.6957638679232,-85.32735849056606
146,1.45,15813.63514561072,15813.63514561072,2038.4175827093895,1324.6593114577317,-85.32735849056606
147,1.46,16157.409822689215,16157.409822689215,2050.4683401593093,1325.6442712162025,-85.32735849056606
148,1.47,16501.18449976771,16501.18449976771,2062.7810705972706,1326.6506431433354,-85.32735849056606
149,1.48,16844.9591768462,16844.9591768462,2075.3557740232736,1327.6784272391305,-85.32735849056606
150,1.49,17188.733853924696,17188.733853924696,2088.1924504373183,1328.727623503588,-85.32735849056606
151,1.50,17188.733853924696,17188.733853924696,2101.2910998394045,1329.7982319367093,-85.32735849056606
152,1.51,17188.733853924696,17188.733853924696,2114.389749241491,1330.8688403698307,-85.32735849056606
153,1.52,17188.733853924696,17188.733853924696,2127.488398643577,1331.939448802952,-85.32735849056606
154,1.53,17188.733853924696,17188.733853924696,2140.5870480456633,1333.0100572360734,-85.32735849056606
155,1.54,17188.733853924696,17188.733853924696,2153.6856974477496,1334.0806656691948,-85.32735849056606
156,1.55,17188.733853924696,17188.733853924696,2166.784346849836,1335.1512741023162,-85.32735849056606
157,1.56,17188.733853924696,17188.733853924696,2179.882996251922,1336.2218825354375,-85.32735849056606
158,1.57,17188.733853924696,17188.733853924696,2192.9816456540084,1337.292490968559,-85.32735849056606
159,1.58,17188.733853924696,17188.733853924696,2206.0802950560947,1338.3630994016803,-85.32735849056606
160,1.59,17188.733853924696,17188.733853924696,2219.178944458181,1339.4337078348017,-85.32735849056606
161,1.60,17188.733853924696,17188.733853924696,2232.277593860267,1340.504316267923,-85.32735849056606
162,1.61,17188.733853924696,17188.733853924696,2245.3762432623535,1341.5749247010444,-85.32735849056606
163,1.62,17188.733853924696,17188.733853924696,2258.4748926644397,1342.6455331341658,-85.32735849056606
164,1.63,17188.733853924696,17188.733853924696,2271.573542066526,1343.7161415672872,-85.32735849056606
165,1.64,17188.733853924696,17188.733853924696,2284.6721914686123,1344.7867500004086,-85.32735849056606
166,1.65,17188.733853924696,17188.733853924696,2297.7708408706985,1345.85735843353,-85.32735849056606
167,1.66,17188.733853924696,17188.733853924696,2310.869490272785,1346.9279668666513,-85.32735849056606
168,1.67,17188.733853924696,17188.733853924696,2323.968139674871,1347.9985752997727,-85.32735849056606
169,1.68,17188.733853924696,17188.733853924696,2337.0667890769573,1349.069183732894,-85.32735849056606
170,1.69,17188.733853924696,17188.733853924696,2350.1654384790436,1350.1397921660155,-85.32735849056606
171,1.70,17188.733853924696,17188.733853924696,2363.26408788113,1351.2104005991368,-85.32735849056606
172,1.71,17188.733853924696,17188.733853924696,2376.362737283216,1352.2810090322582,-85.32735849056606
173,1.72,17188.733853924696,17188.733853924696,2389.4613866853024,1353.3516174653796,-85.32735849056606
174,1.73,17188.733853924696,17188.733853924696,2402.5600360873887,1354.422225898501,-85.32735849056606
175,1.74,17188.733853924696,17188.733853924696,2415.658685489475,1355.4928343316224,-85.32735849056606
176,1.75,17188.733853924696,17188.733853924696,2428.757334891561,1356.5634427647437,-85.32735849056606
177,1.76,17188.733853924696,17188.733853924696,2441.8559842936475,1357.6340511978651,-85.32735849056606
178,1.77,17188.733853924696,17188.733853924696,2454.9546336957337,1358.7046596309865,-85.32735849056606
179,1.78,17188.733853924696,17188.733853924696,2468.05328309782,1359.7752680641079,-85.32735849056606
180,1.79,17188.733853924696,17188.733853924696,2481.1519324999063,1360.8458764972293,-85.32735849056606
181,1.80,17188.733853924696,17188.733853924696,2494.2505819019925,1361.9164849303506,-85.32735849056606
182,1.81,17188.733853924696,17188.733853924696,2507.349231304079,1362.987093363472,-85.32735849056606
183,1.82,17188.733853924696,17188.733853924696,2520.447880706165,1364.0577017965934,-85.32735849056606
184,1.83,17188.733853924696,17188.733853924696,2533.5465301082513,1365.1283102297148,-85.32735849056606
185,1.84,17188.733853924696,17188.733853924696,2546.6451795103376,1366.1989186628361,-85.32735849056606
186,1.85,17188.733853924696,17188.733853924696,2559.743828912424,1367.2695270959575,-85.32735849056606
187,1.86,17188.733853924696,17188.733853924696,2572.84247831451,1368.340135529079,-85.32735849056606
188,1.87,17188.733853924696,17188.733853924696,2585.9411277165964,1369.4107439622003,-85.32735849056606
189,1.88,17188.733853924696,17188.733853924696,2599.0397771186827,1370.4813523953217,-85.32735849056606
190,1.89,17188.733853924696,17188.733853924696,2612.138426520769,1371.551960828443,-85.32735849056606
191,1.90,17188.733853924696,17188.733853924696,2625.237075922855,1372.6225692615644,-85.32735849056606
192,1.91,17188.733853924696,17188.733853924696,2638.3357253249414,1373.6931776946858,-85.32735849056606
193,1.92,17188.733853924696,17188.733853924696,2651.4343747270277,1374.7637861278072,-85.32735849056606
194,1.93,17188.733853924696,17188.733853924696,2664.533024129114,1375.8343945609286,-85.32735849056606
195,1.94,17188.733853924696,17188.733853924696,2677.6316735312002,1376.90500299405,-85.32735849056606
196,1.95,17188.733853924696,17188.733853924696,2690.7303229332865,1377.9756114271713,-85.32735849056606
197,1.96,17188.733853924696,17188.733853924696,2703.828972335373,1379.0462198602927,-85.32735849056606
198,1.97,17188.733853924696,17188.733853924696,2716.927621737459,1380.116828293414,-85.32735849056606
199,1.98,17188.733853924696,17188.733853924696,2730.0262711395453,1381.1874367265355,-85.32735849056606
200,1.99,17188.733853924696,17188.733853924696,2743.1249205416316,1382.2580451596568,-85.32735849056606
201,2.00,16959.550735872366,17303.32541295086,2756.223569943718,1383.3286535927782,-85.32735849056606
202,2.01,16730.367617820037,17417.916971977025,2769.27855718113,1384.395693331122,-85.29894339622643
203,2.02,16501.18449976771,17532.50853100319,2782.289353239211,1385.4656170405597,-85.24211320754718
204,2.03,16272.00138171538,17647.100090029355,2795.2554248611477,1386.5448116388507,-85.15686792452831
205,2.04,16042.81826366305,17761.69164905552,2808.1762251432056,1387.6395974968873,-85.04320754716983
206,2.05,15813.63514561072,17876.283208081684,2821.051184294991,1388.7562276064855,-84.90113207547171
207,2.06,15584.452027558393,17990.87476710785,2833.879700566863,1389.9008866922195,-84.73064150943398
208,2.07,15355.268909506063,18105.466326134014,2846.661131346793,1391.0796902453803,-84.53173584905662
209,2.08,15126.085791453734,18220.05788516018,2859.3947844292425,1392.298683458721,-84.30441509433965
210,2.09,14896.902673401404,18334.649444186343,2872.0799094589656,1393.5638400412445,-84.04867924528304
211,2.10,14667.719555349075,18449.241003212508,2884.715689553049,1394.8810608929107,-83.76452830188681
212,2.11,14438.536437296745,18563.832562238673,2897.3012331049686,1396.2561726197637,-83.45196226415095
213,2.12,14209.353319244416,18678.424121264838,2909.835565774988,1397.6949258705918,-83.1109811320755
214,2.13,13980.170201192086,18793.015680291002,2922.3176226718106,1399.2029934769325,-82.7415849056604
215,2.14,13750.987083139757,18907.607239317167,2934.7462407310495,1400.7859683788538,-82.34377358490568
216,2.15,13521.803965087429,19022.198798343332,2947.1201512967964,1402.4493613196773,-81.91754716981133
217,2.16,13292.6208470351,19136.790357369497,2959.4379729133216,1404.1985982935348,-81.46290566037737
218,2.17,13063.43772898277,19251.38191639566,2971.6982043347434,1406.0390177303525,-80.97984905660378
219,2.18,12834.25461093044,19365.973475421826,2983.89921776136,1407.9758674036966,-80.46837735849059
220,2.19,12605.07149287811,19480.56503444799,2996.0392523122327,1410.0143010477059,-79.92849056603775
221,2.20,12375.888374825781,19595.156593474156,3008.116407744529,1412.1593746701674,-79.3601886792453
222,2.21,12146.705256773452,19709.74815250032,3020.1286384311024,1414.4160425497612,-78.76347169811322
223,2.22,11917.522138721124,19824.339711526485,3032.0737476087834,1416.7891529063545,-78.13833962264152
224,2.23,11688.339020668795,19938.93127055265,3043.9493819108566,1419.283443234317,-77.4847924528302
225,2.24,11459.155902616465,20053.522829578815,3055.753026198254,1421.9035352897972,-76.80283018867925
226,2.25,11229.972784564136,20168.114388604976,3067.4819987050296,1424.6539297240852,-76.0924528301887
227,2.26,11000.789666511806,20282.70594763114,3079.1334465147556,1427.5390003562861,-75.35366037735851
228,2.27,10771.606548459476,20397.297506657305,3090.7043413855245,1430.5629880798515,-74.58645283018869
229,2.28,10542.423430407147,20511.88906568347,3102.1914759423344,1433.7299943987437,-73.79083018867927
230,2.29,10313.240312354817,20626.480624709635,3113.5914602566654,1437.0439745904623,-72.9667924528302
231,2.30,10084.057194302488,20741.0721837358,3124.9007188340993,1440.5087304945864,-72.11433962264152
232,2.31,9854.87407625016,20855.663742761964,3136.1154880318727,1444.1279029270445,-71.23347169811322
233,2.32,9625.69095819783,20970.25530178813,3147.2318139292156,1447.9049637219487,-70.3241886792453
234,2.33,9396.507840145501,21084.846860814294,3158.24555067431,1451.8432074045686,-69.38649056603775
235,2.34,9167.324722093172,21199.43841984046,3169.1523593325837,1455.9457425007895,-68.42037735849058
236,2.35,8938.141604040842,21314.029978866623,3179.947707261941,1460.2154824903482,-67.42584905660378
237,2.36,8708.958485988513,21428.62153789279,3190.626868041296,1464.655136413101,-66.40290566037737
238,2.37,8479.775367936183,21543.213096918953,3201.1849219795204,1469.26719913968,-65.35154716981133
239,2.38,8250.592249883855,21657.804655945118,3211.6167572325385,1474.0539413201077,-64.27177358490567
240,2.39,8021.409131831525,21772.396214971282,3221.91707155687,1479.0173990261865,-63.163584905660386
241,2.40,7792.226013779196,21886.987773997447,3232.080374728348,1484.1593631059077,-62.02698113207549
242,2.41,7563.042895726867,22001.579333023612,3242.1009916550947,1489.481368270579,-60.86196226415096
243,2.42,7333.859777674537,22116.170892049777,3251.9730662140228,1494.9846819379673,-59.66852830188681
244,2.43,7104.676659622208,22230.76245107594,3261.690565840224,1500.6702928573995,-58.44667924528303
245,2.44,6875.493541569878,22345.354010102106,3271.2472868985205,1506.5388995455687,-57.19641509433964
246,2.45,6646.31042351755,22459.94556912827,3280.636860866218,1512.5908985645874,-55.917735849056626
247,2.46,6417.12730546522,22574.537128154436,3289.85276135569,1518.8263726768055,-54.61064150943398
248,2.47,6187.944187412891,22689.1286871806,3298.888312004844,1525.2450789138857,-53.27513207547172
249,2.48,5958.761069360562,22803.720246206765,3307.7366952627,1531.8464366006956,-51.91120754716983
250,2.49,5729.5779513082325,22918.31180523293,3316.3909620963304,1538.6295153777428,-50.51886792452832
251,2.50,5958.761069360562,22803.720246206765,3324.8440426441766,1545.5930232689934,-49.09811320754719
252,2.51,6187.944187412891,22689.1286871806,3333.1549804512943,1552.792662488393,-47.70577358490568
253,2.52,6417.12730546522,22574.537128154436,3341.320928417188,1560.2215993844384,-46.34184905660379
254,2.53,6646.31042351755,22459.94556912827,3349.339427492023,1567.8730461677733,-45.00633962264153
255,2.54,6875.493541569878,22345.354010102106,3357.208396884309,1575.7402743924558,-43.69924528301889
256,2.55,7104.676659622208,22230.76245107594,3364.9261240126452,1583.816627492315,-42.42056603773587
257,2.56,7333.859777674537,22116.170892049777,3372.4912542550364,1592.0955323874186,-41.17030188679248
258,2.57,7563.042895726867,22001.579333023612,3379.9027805463857,1600.5705101776566,-39.9484528301887
259,2.58,7792.226013779196,21886.987773997447,3387.160032871783,1609.2351859421724,-38.755018867924555
260,2.59,8021.409131831525,21772.396214971282,3394.2626677003145,1618.0832976649035,-37.590000000000025
261,2.60,8250.592249883855,21657.804655945118,3401.2106574011677,1627.1087043077841,-36.453396226415116
262,2.61,8479.775367936183,21543.213096918953,3408.004279680972,1636.305393054252,-35.345207547169835
263,2.62,8708.958485988513,21428.62153789279,3414.644107078443,1645.6674857465823,-34.265433962264176
264,2.63,8938.141604040842,21314.029978866623,3421.130996549652,1655.189244541294,-33.21407547169814
265,2.64,9167.324722093172,21199.43841984046,3427.466079174488,1664.8650768073912,-32.19113207547172
266,2.65,9396.507840145501,21084.846860814294,3433.650750012248,1674.6895392925799,-31.196603773584926
267,2.66,9625.69095819783,20970.25530178813,3439.68665813168,1684.6573415828389,-30.23049056603775
268,2.67,9854.87407625016,20855.663742761964,3445.5756968383075,1694.763348880766,-29.292792452830206
269,2.68,10084.057194302488,20741.0721837358,3451.3199941194107,1705.0025841281204,-28.38350943396228
270,2.69,10313.240312354817,20626.480624709635,3456.921903324688,1715.3702294977793,-27.50264150943398
271,2.70,10542.423430407147,20511.88906568347,3462.38399409835,1725.8616272800919,-26.650188679245304
272,2.71,10771.606548459476,20397.297506657305,3467.7090435761984,1736.4722801882108,-25.826150943396247
273,2.72,11000.789666511806,20282.70594763114,3472.9000278591357,1747.1978511065572,-25.03052830188681
274,2.73,11229.972784564136,20168.114388604976,3477.9601137725185,1758.0341623060303,-24.263320754717004
275,2.74,11459.155902616465,20053.522829578815,3482.892650918846,1768.9771941489726,-23.524528301886818
276,2.75,11688.339020668795,19938.93127055265,3487.701164029386,1780.0230833062396,-22.81415094339625
277,2.76,11917.522138721124,19824.339711526485,3492.389345618587,1791.1681205080295,-22.13218867924531
278,2.77,12146.705256773452,19709.74815250032,3496.961048943408,1802.4087478493548,-21.47864150943399
279,2.78,12375.888374825781,19595.156593474156,3501.420281268087,1813.7415556702708,-20.853509433962294
280,2.79,12605.07149287811,19480.56503444799,3505.7711974333115,1825.163279030142,-20.25679245283021
281,2.80,12834.25461093044,19365.973475421826,3510.0180937272953,1836.6707937944066,-19.688490566037764
282,2.81,13063.43772898277,19251.38191639566,3514.165402054836,1848.261112351449,-19.14860377358493
283,2.82,13292.6208470351,19136.790357369497,3518.2176843991165,1859.9313789763319,-18.63713207547172
284,2.83,13521.803965087429,19022.198798343332,3522.1796275697234,1871.678864857281,-18.15407547169814
285,2.84,13750.987083139757,18907.607239317167,3526.056038229144,1883.5009627999807,-17.699433962264177
286,2.85,13980.170201192086,18793.015680291002,3529.851838188848,1895.3951816238723,-17.273207547169832
287,2.86,14209.353319244416,18678.424121264838,3533.572059964966,1907.3591402638476,-16.87539622641512
288,2.87,14438.536437296745,18563.832562238673,3537.221842582514,1919.3905615899193,-16.506000000000025
289,2.88,14667.719555349075,18449.241003212508,3540.8064276161267,1931.487265956659,-16.16501886792455
290,2.89,14896.902673401404,18334.649444186343,3544.3311554542843,1943.647164493469,-15.852452830188708
291,2.90,15126.085791453734,18220.05788516018,3547.8014617731287,1955.868252146026,-15.568301886792483
292,2.91,15355.268909506063,18105.466326134014,3551.2228742050675,1968.1486004785684,-15.312566037735877
293,2.92,15584.452027558393,17990.87476710785,3554.6010091865346,1980.486350246064,-15.085245283018903
294,2.93,15813.63514561072,17876.283208081684,3557.941568968472,1992.8797037447093,-14.886339622641547
295,2.94,16042.81826366305,17761.69164905552,3561.250338772322,2005.3269169486912,-14.715849056603808
296,2.95,16272.00138171538,17647.100090029355,3564.5331840735607,2017.8262914406387,-14.573773584905691
297,2.96,16501.18449976771,17532.50853100319,3567.7960479941194,2030.3761661427907,-14.460113207547202
298,2.97,16730.367617820037,17417.916971977025,3571.0449487843007,2042.9749088555272,-14.374867924528335
299,2.98,16959.550735872366,17303.32541295086,3574.2859773741748,2055.620907609624,-14.318037735849083
300,2.99,17188.733853924696,17188.733853924696,3577.525294973754,2068.312561838339,-14.289622641509466
301,3.00,17246.029633437778,17074.14229489853,3580.7691307006544,2081.0482733753015,-14.289622641509466
302,3.01,17303.32541295086,16959.550735872366,3584.0075600346763,2093.7627587263696,-14.303830188679274
303,3.02,17360.621192463943,16844.9591768462,3587.2437304045316,2106.455215813533,-14.332245283018894
304,3.03,17417.916971977025,16730.367617820037,3590.4807728529995,2119.1248442452343,-14.37486792452832
305,3.04,17475.212751490108,16615.776058793872,3593.7218014428736,2131.770842999331,-14.431698113207572
306,3.05,17532.50853100319,16501.18449976771,3596.9699126621454,2144.39240812711,-14.50273584905663
307,3.06,17589.804310516272,16386.592940741546,3600.228184825617,2156.9887304790873,-14.5879811320755
308,3.07,17647.100090029355,16272.00138171538,3603.499677470145,2169.5589934533346,-14.687433962264178
309,3.08,17704.395869542437,16157.409822689215,3606.787430740781,2182.1023707670893,-14.801094339622665
310,3.09,17761.69164905552,16042.81826366305,3610.094464765103,2194.618024252414,-14.928962264150961
311,3.10,17818.987428568602,15928.226704636885,3613.4237790130737,2207.1051016766987,-15.07103773584908
312,3.11,17876.283208081684,15813.63514561072,3616.7783516398067,2219.5627345888115,-15.227320754717008
313,3.12,17933.578987594767,15699.043586584556,3620.161138808672,2231.99003619175,-15.397811320754746
314,3.13,17990.87476710785,15584.452027558393,3623.575073992203,2244.3860992426644,-15.582509433962294
315,3.14,18048.17054662093,15469.860468532228,3627.023067248336,2256.749993981166,-15.781415094339648
316,3.15,18105.466326134014,15355.268909506063,3630.508004469538,2269.080766086875,-15.994528301886815
317,3.16,18162.762105647096,15240.677350479898,3634.0327466024555,2281.377434667217,-16.22184905660379
318,3.17,18220.05788516018,15126.085791453734,3637.60012883575,2293.638990276507,-16.463377358490586
319,3.18,18277.35366467326,15011.494232427569,3641.2129597538487,2305.864392967431,-16.719113207547192
320,3.19,18334.649444186343,14896.902673401404,3644.8740204543947,2318.0525703760886,-16.98905660377361
321,3.20,18391.945223699426,14782.31111437524,3648.586063627248,2330.2024158418126,-17.273207547169832
322,3.21,18449.241003212508,14667.719555349075,3652.351812592934,2342.3127865630468,-17.571566037735867
323,3.22,18506.53678272559,14553.12799632291,3656.173960298509,2354.3825017906465,-17.88413207547171
324,3.23,18563.832562238673,14438.536437296745,3660.0551682688883,2366.41034106001,-18.210905660377374
325,3.24,18621.128341751755,14323.94487827058,3663.9980655117342,2378.395042463543,-18.55188679245285
326,3.25,18678.424121264838,14209.353319244416,3668.0052473740825,2390.3353009650236,-18.907075471698136
327,3.26,18735.71990077792,14094.76176021825,3672.079274348963,2402.229766757516,-19.276471698113227
328,3.27,18793.015680291002,13980.170201192086,3676.222670830344,2414.077043666566,-19.660075471698132
329,3.28,18850.311459804085,13865.578642165921,3680.4379238148167,2425.8756876004873,-20.057886792452845
330,3.29,18907.607239317167,13750.987083139757,3684.7274815485116,2437.624205049632,-20.46990566037738
331,3.30,18964.90301883025,13636.395524113594,3689.0937521178466,2449.3210516366426,-20.896132075471723
332,3.31,19022.198798343332,13521.803965087429,3693.539101982775,2460.964630719738,-21.336566037735874
333,3.32,19079.494577856414,13407.212406061264,3698.065854451321,2472.5532920512196,-21.791207547169837
334,3.33,19136.790357369497,13292.6208470351,3702.6762880942806,2484.085330493427,-22.26005660377361
335,3.34,19194.08613688258,13178.029288008935,3707.37263509907,2495.558984794513,-22.74311320754719
336,3.35,19251.38191639566,13063.43772898277,3712.1570795618227,2506.9724364264557,-23.24037735849058
337,3.36,19308.677695908744,12948.846169956605,3717.031755716942,2518.323808487856,-23.751849056603792
338,3.37,19365.973475421826,12834.25461093044,3721.998746103446,2529.611164674131,-24.277528301886814
339,3.38,19423.26925493491,12719.663051904276,3727.060079667558,2540.8325083178397,-24.817415094339644
340,3.39,19480.56503444799,12605.07149287811,3732.217729801133,2551.985781501937,-25.371509433962284
341,3.40,19537.860813961073,12490.479933851946,3737.4736123156426,2563.0688642488667,-25.939811320754735
342,3.41,19595.156593474156,12375.888374825781,3742.8295833515886,2574.079573788492,-26.522320754716993
343,3.42,19652.452372987238,12261.296815799617,3748.287437223349,2585.0156639079423,-27.119037735849073
344,3.43,19709.74815250032,12146.705256773452,3753.8489041996418,2595.8748243865575,-27.729962264150963
345,3.44,19767.043932013403,12032.113697747287,3759.5156482199136,2606.6546805191783,-28.355094339622664
346,3.45,19824.339711526485,11917.522138721124,3765.28926454716,2617.352792731139,-28.994433962264175
347,3.46,19881.635491039568,11802.93057969496,3771.171277357842,2627.9666562883785,-29.64798113207549
348,3.47,19938.93127055265,11688.339020668795,3777.163137269733,2638.4937011061747,-30.31573584905662
349,3.48,19996.227050065732,11573.74746164263,3783.2662188087425,2648.931291660072,-30.997698113207555
350,3.49,20053.522829578815,11459.155902616465,3789.481817815922,2659.276727002658,-31.693867924528316
351,3.50,20110.818609091897,11344.5643435903,3795.8111487960878,2669.527240889892,-32.40424528301888
352,3.51,20168.114388604976,11229.972784564136,3802.2553422096735,2679.6800020207593,-33.12883018867926
353,3.52,20225.41016811806,11115.38122553797,3808.815441709663,2689.7321143940762,-33.86762264150945
354,3.53,20282.70594763114,11000.789666511806,3815.492401325656,2699.680617786318,-34.62062264150945
355,3.54,20340.001727144223,10886.198107485641,3822.2870825973478,2709.522488354395,-35.38783018867927
356,3.55,20397.297506657305,10771.606548459476,3829.200251659947,2719.2546393673147,-36.16924528301889
357,3.56,20454.593286170388,10657.014989433312,3836.23257628428,2728.8739220707266,-36.96486792452831
358,3.57,20511.88906568347,10542.423430407147,3843.3846228745933,2738.3771266883314,-37.77469811320756
359,3.58,20569.184845196552,10427.831871380982,3850.656853427301,2747.760983564177,-38.59873584905662
360,3.59,20626.480624709635,10313.240312354817,3858.0496224542003,2757.022164449849,-39.43698113207548
361,3.60,20683.776404222717,10198.648753328653,3865.563173873935,2766.1572839405526,-40.28943396226416
362,3.61,20741.0721837358,10084.057194302488,3873.197637875758,2775.1629010640827,-41.156094339622655
363,3.62,20798.367963248882,9969.465635276325,3880.953027759927,2784.0355210266252,-42.03696226415095
364,3.63,20855.663742761964,9854.87407625016,3888.8292367593467,2792.7715971193093,-42.93203773584907
365,3.64,20912.959522275047,9740.282517223995,3896.8260348473696,2801.367532789365,-43.841320754716996
366,3.65,20970.25530178813,9625.69095819783,3904.9430655369442,2809.819683879685,-44.764811320754724
367,3.66,21027.55108130121,9511.099399171666,3913.1798426766163,2818.1243610404963,-45.70250943396228
368,3.67,21084.846860814294,9396.507840145501,3921.535747249187,2826.2778323167668,-46.65441509433963
369,3.68,21142.142640327376,9281.916281119336,3930.0100241791306,2834.276325914848,-47.62052830188681
370,3.69,21199.43841984046,9167.324722093172,3938.601779155202,2842.116033151742,-48.600849056603785
371,3.70,21256.73419935354,9052.733163067007,3947.309975474963,2849.7931115902384,-49.59537735849058
372,3.71,21314.029978866623,8938.141604040842,3956.1334309182757,2857.3036883629993,-50.60411320754719
373,3.72,21371.325758379706,8823.550045014677,3965.0708146571496,2864.6438636885105,-51.6270566037736
374,3.73,21428.62153789279,8708.958485988513,3974.12064420961,2871.809714581608,-52.66420754716983
375,3.74,21485.91731740587,8594.366926962348,3983.2812824456123,2878.7972987610983,-53.71556603773587
376,3.75,21543.213096918953,8479.775367936183,3992.550934653327,2885.6026587567294,-54.78113207547171
377,3.76,21600.508876432035,8365.183808910018,4001.927645674442,2892.2218262175584,-55.86090566037738
378,3.77,21657.804655945118,8250.592249883855,4011.409297117446,2898.650826423451,-56.95488679245285
379,3.78,21715.1004354582,8136.00069085769,4020.9936046581697,2904.885683001182,-58.06307547169813
380,3.79,21772.396214971282,8021.409131831525,4030.6781154371774,2910.92242284629,-59.18547169811322
381,3.80,21829.691994484365,7906.81757280536,4040.4602055638898,2916.7570812514914,-60.32207547169813
382,3.81,21886.987773997447,7792.226013779196,4050.3370777376394,2922.385707242115,-61.47288679245285
383,3.82,21944.28355351053,7677.634454753032,4060.305758996131,2927.8043691186294,-62.63790566037738
384,3.83,22001.579333023612,7563.042895726867,4070.3630986020808,2933.0091602059438,-63.81713207547172
385,3.84,22058.875112536694,7448.451336700702,4080.5057660790644,2937.9962048087154,-65.01056603773586
386,3.85,22116.170892049777,7333.859777674537,4090.7302494078795,2942.7616643714728,-66.21820754716983
387,3.86,22173.46667156286,7219.268218648373,4101.032853394974,2947.3017438418683,-67.4400566037736
388,3.87,22230.76245107594,7104.676659622208,4111.4096982247265,2951.6126982348824,-68.67611320754719
389,3.88,22288.058230589024,6990.085100596043,4121.85671820759,2955.6908393952845,-69.92637735849057
390,3.89,22345.354010102106,6875.493541569878,4132.369660736314,2959.5325429550994,-71.1908490566038
391,3.90,22402.64978961519,6760.901982543714,4142.944085462638,2963.134255482265,-72.46952830188681
392,3.91,22459.94556912827,6646.31042351755,4153.575363707046,2966.492501816062,-73.76241509433964
393,3.92,22517.241348641353,6531.718864491385,4164.25867811426,2969.603892584286,-75.06950943396228
394,3.93,22574.537128154436,6417.12730546522,4174.989022567348,2972.4651318964898,-76.39081132075472
395,3.94,22631.832907667518,6302.535746439055,4185.76120237334,2975.073025206948,-77.726320754717
396,3.95,22689.1286871806,6187.944187412891,4196.569834733382,2977.4244873403086,-79.07603773584907
397,3.96,22746.424466693683,6073.352628386726,4207.409349510458,2979.5165506722024,-80.43996226415095
398,3.97,22803.720246206765,5958.761069360562,4218.273990307737,2981.346373456314,-81.81809433962265
399,3.98,22861.016025719848,5844.169510334397,4229.157815870574,2982.9112482887012,-83.21043396226418
400,3.99,22918.31180523293,5729.5779513082325,4240.054701825148,2984.2086106993465,-84.61698113207548
401,4.00,22918.31180523293,5729.5779513082325,4250.958342766618,2985.236047860144,-86.03773584905662
402,4.01,22918.31180523293,5729.5779513082325,4261.884106236492,2985.992820943882,-87.45849056603774
403,4.02,22918.31180523293,5729.5779513082325,4272.825274505626,2986.4784646470052,-88.87924528301889
404,4.03,22918.31180523293,5729.5779513082325,4283.775120373204,2986.692680370438,269.7
405,4.04,22918.31180523293,5729.5779513082325,4294.726911302971,2986.635336403184,268.27924528301884
406,4.05,22918.31180523293,5729.5779513082325,4305.673913562742,2986.306468003303,266.8584905660377
407,4.06,22918.31180523293,5729.5779513082325,4316.609396364662,2985.706277376239,265.43773584905654
408,4.07,22918.31180523293,5729.5779513082325,4327.526636003634,2984.8351335504876,264.01698113207544
409,4.08,22918.31180523293,5729.5779513082325,4338.418919991412,2983.6935721507016,262.5962264150943
410,4.09,22918.31180523293,5729.5779513082325,4349.279551183785,2982.2822950683603,261.17547169811314
411,4.10,22918.31180523293,5729.5779513082325,4360.101851898331,2980.60217003021,259.754716981132
412,4.11,22918.31180523293,5729.5779513082325,4370.879168020206,2978.6542300647397,258.3339622641509
413,4.12,22918.31180523293,5729.5779513082325,4381.604873093436,2976.4396728670217,256.91320754716975
414,4.13,22918.31180523293,5729.5779513082325,4392.272372395216,2973.9598600623076,255.4924528301886
415,4.14,22918.31180523293,5729.5779513082325,4402.87510699068,2971.2163163688283,254.07169811320747
416,4.15,22918.31180523293,5729.5779513082325,4413.406557765685,2968.210728660317,252.65094339622632
417,4.16,22918.31180523293,5729.5779513082325,4423.8602494350935,2964.944944928834,251.23018867924517
418,4.17,22918.31180523293,5729.5779513082325,4434.229754524125,2961.4209731485234,249.80943396226405
419,4.18,22918.31180523293,5729.5779513082325,4444.508697320299,2957.6409800410047,248.3886792452829
420,4.19,22918.31180523293,5729.5779513082325,4454.690757793552,2953.6072897431613,246.96792452830178
421,4.20,22918.31180523293,5729.5779513082325,4464.769675482126,2949.322382378138,245.54716981132063
422,4.21,22918.31180523293,5729.5779513082325,4474.739253341829,2944.788892530435,244.1264150943395
423,4.22,22918.31180523293,5729.5779513082325,4484.593361556293,2940.009607626025,242.70566037735836
424,4.23,22918.31180523293,5729.5779513082325,4494.325941305912,2934.9874662184993,241.28490566037723
425,4.24,22918.31180523293,5729.5779513082325,4503.9310084931185,2929.7255561822913,239.86415094339608
426,4.25,22918.31180523293,5729.5779513082325,4513.402657421716,2924.227112814092,238.44339622641496
427,4.26,22918.31180523293,5729.5779513082325,4522.735064428011,2918.495516843619,237.0226415094338
428,4.27,22918.31180523293,5729.5779513082325,4531.922491461507,2912.534292354969,235.6018867924527
429,4.28,22918.31180523293,5729.5779513082325,4540.959289612953,2906.3471046198256,234.18113207547154
430,4.29,22918.31180523293,5729.5779513082325,4549.8399025875915,2899.9377578438607,232.76037735849042
431,4.30,22918.31180523293,5729.5779513082325,4558.558870121456,2893.310192827709,231.33962264150927
432,4.31,22918.31180523293,5729.5779513082325,4567.110831338625,2886.4684845439606,229.91886792452814
433,4.32,22918.31180523293,5729.5779513082325,4575.490528047372,2879.416839631652,228.498113207547
434,4.33,22918.31180523293,5729.5779513082325,4583.692807973173,2872.159593809806,227.07735849056587
435,4.34,22918.31180523293,5729.5779513082325,4591.712627926593,2864.70120921161,225.65660377358472
436,4.35,22918.31180523293,5729.5779513082325,4599.545056904104,2857.0462716408565,224.2358490566036
437,4.36,22918.31180523293,5729.5779513082325,4607.185279119922,2849.1994877523575,222.81509433962245
438,4.37,22918.31180523293,5729.5779513082325,4614.6285969670025,2841.1656821580445,221.39433962264133
439,4.38,22918.31180523293,5729.5779513082325,4621.870433905377,2832.9497944605473,219.97358490566018
440,4.39,22918.31180523293,5729.5779513082325,4628.906337276044,2824.5568762160674,218.55283018867905
441,4.40,22918.31180523293,5729.5779513082325,4635.731981038702,2815.9920878284192,217.1320754716979
442,4.41,22918.31180523293,5729.5779513082325,4642.343168431617,2807.260695376144,215.71132075471678
443,4.42,22918.31180523293,5729.5779513082325,4648.735834552019,2798.3680673746503,214.29056603773563
444,4.43,22918.31180523293,5729.5779513082325,4654.906048855408,2789.3196714753685,212.86981132075448
445,4.44,22918.31180523293,5729.5779513082325,4660.850017572264,2780.1210711039575,211.44905660377336
446,4.45,22918.31180523293,5729.5779513082325,4666.564086040652,2770.777922039618,210.0283018867922
447,4.46,22918.31180523293,5729.5779513082325,4672.044740953297,2761.295968937625,208.60754716981108
448,4.47,22918.31180523293,5729.5779513082325,4677.288612517752,2751.6810417972147,207.18679245282993
449,4.48,22918.31180523293,5729.5779513082325,4682.292476528319,2741.939052376996,205.7660377358488
450,4.49,22918.31180523293,5729.5779513082325,4687.053256348461,2732.0759905600944,204.34528301886766
451,4.50,22918.31180523293,5729.5779513082325,4691.568024802478,2722.097920671258,202.92452830188654
452,4.51,22918.31180523293,5729.5779513082325,4695.834005975285,2712.010977748195,201.5037735849054
453,4.52,22918.31180523293,5729.5779513082325,4699.848576919195,2701.8213637694316,200.08301886792427
454,4.53,22918.31180523293,5729.5779513082325,4703.609269266636,2691.5353438410148,198.66226415094312
455,4.54,22918.31180523293,5729.5779513082325,4707.11377074784,2681.1592423443963,197.241509433962
456,4.55,22918.31180523293,5729.5779513082325,4710.359926612541,2670.699439047873,195.82075471698084
457,4.56,22918.31180523293,5729.5779513082325,4713.345740954833,2660.1623651839745,194.39999999999972
458,4.57,22918.31180523293,5729.5779513082325,4716.069377940351,2649.5544994952033,192.97924528301857
459,4.58,22918.31180523293,5729.5779513082325,4718.529162935044,2638.8823642505686,191.55849056603745
460,4.59,22918.31180523293,5729.5779513082325,4720.723583534824,2628.1525212353536,190.1377358490563
461,4.60,22918.31180523293,5729.5779513082325,4722.65129049547,2617.371567716589,188.71698113207518
462,4.61,22918.31180523293,5729.5779513082325,4724.311098562215,2606.5461323867075,187.29622641509403
463,4.62,22918.31180523293,5729.5779513082325,4725.701987198505,2595.6828712878787,185.8754716981129
464,4.63,22918.31180523293,5729.5779513082325,4726.823101213472,2584.7884637195284,184.45471698113175
465,4.64,22918.31180523293,5729.5779513082325,4727.673751287756,2573.8696081315557,183.03396226415063
466,4.65,22918.31180523293,5729.5779513082325,4728.253414397332,2562.933018005777,181.61320754716948
467,4.66,22918.31180523293,5729.5779513082325,4728.561734135091,2551.985417728127,180.19245283018836
468,4.67,22918.31180523293,5729.5779513082325,4728.59852092998,2541.0335384541568,178.7716981132072
469,4.68,22918.31180523293,5729.5779513082325,4728.363752163558,2530.084113970368,177.35094339622609
470,4.69,22918.31180523293,5729.5779513082325,4727.857572183908,2519.143876553927,175.93018867924494
471,4.70,22918.31180523293,5729.5779513082325,4727.080292216876,2508.219552833314,174.50943396226378
472,4.71,22918.31180523293,5729.5779513082325,4726.03239017472,2497.3178596524394,173.08867924528266
473,4.72,22918.31180523293,5729.5779513082325,4724.7145103622615,2486.4454999407762,171.6679245283015
474,4.73,22918.31180523293,5729.5779513082325,4723.127463080736,2475.6091585920512,170.2471698113204
475,4.74,22918.31180523293,5729.5779513082325,4721.272224129572,2464.8154983540235,168.82641509433924
476,4.75,22918.31180523293,5729.5779513082325,4719.149934206426,2454.07115573188,167.40566037735812
477,4.76,22918.31180523293,5729.5779513082325,4716.761898205817,2443.3827369077653,165.98490566037697
478,4.77,22918.31180523293,5729.5779513082325,4714.109584416809,2432.756813678957,164.56415094339584
479,4.78,22918.31180523293,5729.5779513082325,4711.194623620236,2422.1999194171804,163.1433962264147
480,4.79,22918.31180523293,5729.5779513082325,4708.018808086003,2411.7185450515535,161.72264150943357
481,4.80,22918.31180523293,5729.5779513082325,4704.584090471117,2401.3191350776233,160.30188679245242
482,4.81,22918.31180523293,5729.5779513082325,4700.892582619081,2391.0080835949548,158.8811320754713
483,4.82,22918.31180523293,5729.5779513082325,4696.946554261429,2380.791730375704,157.46037735849015
484,4.83,22918.31180523293,5729.5779513082325,4692.748431622175,2370.6763569665964,156.03962264150903
485,4.84,22918.31180523293,5729.5779513082325,4688.300795926043,2360.6681828267056,154.61886792452788
486,4.85,22918.31180523293,5729.5779513082325,4683.606381811396,2350.773361503402,153.19811320754675
487,4.86,22918.31180523293,5729.5779513082325,4678.668075648838,2340.9979768488356,151.7773584905656
488,4.87,22918.31180523293,5729.5779513082325,4673.488913766522,2331.3480392792626,150.35660377358448
489,4.88,22918.31180523293,5729.5779513082325,4668.07208058326,2321.829482079529,148.93584905660333
490,4.89,22918.31180523293,5729.5779513082325,4662.42090665057,2312.4481577549795,147.5150943396222
491,4.90,22918.31180523293,5729.5779513082325,4656.538866604887,2303.2098344330307,146.09433962264106
492,4.91,22918.31180523293,5729.5779513082325,4650.429577031169,2294.1201923166236,144.67358490565994
493,4.92,22918.31180523293,5729.5779513082325,4644.096794239237,2285.184820191742,143.2528301886788
494,4.93,22918.31180523293,5729.5779513082325,4637.544411954196,2276.409211991134,141.83207547169766
495,4.94,22918.31180523293,5729.5779513082325,4630.776458922371,2267.7987634163555,140.4113207547165
496,4.95,22918.31180523293,5729.5779513082325,4623.797096434223,2259.358768620212,138.9905660377354
497,4.96,22918.31180523293,5729.5779513082325,4616.610615765774,2251.094416951635,137.56981132075424
498,4.97,22918.31180523293,5729.5779513082325,4609.221435540102,2243.010789765005,136.1490566037731
499,4.98,22918.31180523293,5729.5779513082325,4601.634099010544,2235.112857295864,134.72830188679197
500,4.99,22918.31180523293,5729.5779513082325,4593.853271267264,2227.405475604959,133.30754716981082
